,id,cell,sp,cell_coord,nucl_sum_int,cyto_mean_int,nucl_sum_int_corr,one_kDNA_int,one_nuclDNA_int,one_kDNA_int_corr,one_nuclDNA_int_corr
0,Cflexa_Sros_D44_thickstack_A-26_ch1,1,Yeast,"[125, 1514]",1581212,4897,1576315,2837966,1192873,2833069,1187976
1,Cflexa_Sros_D44_thickstack_A-26_ch1,2,NA,NA,5468140,6012,5462128,6816761,3779829,6810749,3773817
2,Cflexa_Sros_D44_thickstack_A-26_ch1,3,D44_KIN,"[603, 364]",17219927,23052,17196875,8582942,21205469,8559890,21182417
3,Cflexa_Sros_D44_thickstack_A-26_ch1,4,NA,NA,3561048,9528,3551520,2713783,2300736,2704255,2291208
4,Cflexa_Sros_D44_thickstack_A-26_ch1,9,Cflexa,"[1053, 527]",9025445,12450,9012995,12499245,7302402,12486795,7289952
5,Cflexa_Sros_D44_thickstack_A-26_ch1,11,NA,NA,15636355,22202,15614153,20862408,12434224,20840206,12412022
6,Cflexa_Sros_D44_thickstack_A-26_ch1,12,D44_KIN,"[1585, 189]",12568939,21877,12547062,5662442,10756390,5640565,10734513
7,Cflexa_Sros_D44_thickstack_A-26_ch1,15,NA,NA,0,954,18446744073709550662,8043,1263,7089,309
8,Cflexa_Sros_D44_thickstack_A-26_ch1,16,Yeast,"[1748, 1944]",1429451,3443,1426008,1330276,985401,1326833,981958
9,Cflexa_Sros_D44_thickstack_A-26_ch1,19,Yeast,"[102, 1515]",1129557,4951,1124606,1678513,876565,1673562,871614
