,id,cell,sp,cell_coord,cyto_mean_int,one_nuclDNA_int,one_nuclDNA_int_corr
0,Cflexa_Sros_D44_thickstack_A-33_ch1,1,NA,NA,59815,88359833,88300018
1,Cflexa_Sros_D44_thickstack_A-33_ch1,2,NA,NA,9905,3837032,3827127
2,Cflexa_Sros_D44_thickstack_A-33_ch1,3,NA,NA,10330,3350978,3340648
3,Cflexa_Sros_D44_thickstack_A-33_ch1,4,NA,NA,8642,3575742,3567100
4,Cflexa_Sros_D44_thickstack_A-33_ch1,5,NA,NA,8478,4211265,4202787
5,Cflexa_Sros_D44_thickstack_A-33_ch1,6,NA,NA,16353,15631198,15614845
6,Cflexa_Sros_D44_thickstack_A-33_ch1,7,NA,NA,7626,3435810,3428184
7,Cflexa_Sros_D44_thickstack_A-33_ch1,8,NA,NA,12262,8366113,8353851
8,Cflexa_Sros_D44_thickstack_A-33_ch1,9,NA,NA,11122,3120605,3109483
9,Cflexa_Sros_D44_thickstack_A-33_ch1,10,NA,NA,12335,7956737,7944402
10,Cflexa_Sros_D44_thickstack_A-33_ch1,11,NA,NA,45889,19997948,19952059
11,Cflexa_Sros_D44_thickstack_A-33_ch1,12,NA,NA,17413,12389160,12371747
12,Cflexa_Sros_D44_thickstack_A-33_ch1,13,NA,NA,7787,1830257,1822470
13,Cflexa_Sros_D44_thickstack_A-33_ch1,14,NA,NA,15061,8428698,8413637
14,Cflexa_Sros_D44_thickstack_A-33_ch1,15,NA,NA,11109,6422625,6411516
15,Cflexa_Sros_D44_thickstack_A-33_ch1,16,D44_KIN,"[1500, 420]",23706,9401861,9378155
16,Cflexa_Sros_D44_thickstack_A-33_ch1,17,D44_KIN,"[1090, 459]",39136,20037626,19998490
