,id,cell,sp,cell_coord,cyto_mean_int,one_nuclDNA_int,one_nuclDNA_int_corr
0,Cflexa_Sros_D44_thickstack_A-26_ch1,1,NA,NA,4897,1192873,1187976
1,Cflexa_Sros_D44_thickstack_A-26_ch1,2,NA,NA,6012,3779829,3773817
2,Cflexa_Sros_D44_thickstack_A-26_ch1,3,D44_KIN,"[603, 364]",23052,21205469,21182417
3,Cflexa_Sros_D44_thickstack_A-26_ch1,4,NA,NA,9528,2300736,2291208
4,Cflexa_Sros_D44_thickstack_A-26_ch1,9,NA,NA,12450,7302402,7289952
5,Cflexa_Sros_D44_thickstack_A-26_ch1,11,NA,NA,22202,12434224,12412022
6,Cflexa_Sros_D44_thickstack_A-26_ch1,12,D44_KIN,"[1585, 189]",21877,10756390,10734513
7,Cflexa_Sros_D44_thickstack_A-26_ch1,15,NA,NA,954,1263,309
8,Cflexa_Sros_D44_thickstack_A-26_ch1,16,NA,NA,3443,985401,981958
9,Cflexa_Sros_D44_thickstack_A-26_ch1,19,NA,NA,4951,876565,871614
