,id,cell,sp,cell_coord,cyto_mean_int,one_kDNA_int,one_kDNA_int_corr
0,Cflexa_Sros_D44_thickstack_A-35_ch1,1,NA,NA,1962,495846,493884
1,Cflexa_Sros_D44_thickstack_A-35_ch1,2,NA,NA,18105,11359460,11341355
2,Cflexa_Sros_D44_thickstack_A-35_ch1,4,D44_KIN,"[167, 939]",25145,8638726,8613581
3,Cflexa_Sros_D44_thickstack_A-35_ch1,5,D44_KIN,"[212, 427]",27544,9255599,9228055
4,Cflexa_Sros_D44_thickstack_A-35_ch1,6,NA,NA,18262,13865406,13847144
5,Cflexa_Sros_D44_thickstack_A-35_ch1,7,NA,NA,16794,16499571,16482777
6,Cflexa_Sros_D44_thickstack_A-35_ch1,8,D44_KIN,"[818, 1092]",28375,6908443,6880068
7,Cflexa_Sros_D44_thickstack_A-35_ch1,9,NA,NA,18825,5494213,5475388
8,Cflexa_Sros_D44_thickstack_A-35_ch1,10,NA,NA,55654,51560614,51504960
9,Cflexa_Sros_D44_thickstack_A-35_ch1,11,NA,NA,11567,3940944,3929377
10,Cflexa_Sros_D44_thickstack_A-35_ch1,12,NA,NA,27795,3425416,3397621
11,Cflexa_Sros_D44_thickstack_A-35_ch1,13,NA,NA,8723,3713161,3704438
12,Cflexa_Sros_D44_thickstack_A-35_ch1,14,NA,NA,8764,3625122,3616358
13,Cflexa_Sros_D44_thickstack_A-35_ch1,15,NA,NA,12033,8572613,8560580
14,Cflexa_Sros_D44_thickstack_A-35_ch1,16,D44_KIN,"[723, 922]",33626,5548591,5514965
15,Cflexa_Sros_D44_thickstack_A-35_ch1,17,D44_KIN,"[851, 1225]",33256,12768904,12735648
16,Cflexa_Sros_D44_thickstack_A-35_ch1,18,D44_KIN,"[1015, 1238]",31050,4288573,4257523
17,Cflexa_Sros_D44_thickstack_A-35_ch1,19,D44_KIN,"[491, 75]",33929,7528569,7494640
18,Cflexa_Sros_D44_thickstack_A-35_ch1,20,D44_KIN,"[362, 1153]",32840,7850264,7817424
19,Cflexa_Sros_D44_thickstack_A-35_ch1,21,NA,NA,33561,11537882,11504321
20,Cflexa_Sros_D44_thickstack_A-35_ch1,22,NA,NA,41945,17604107,17562162
21,Cflexa_Sros_D44_thickstack_A-35_ch1,23,NA,NA,7970,2974511,2966541
22,Cflexa_Sros_D44_thickstack_A-35_ch1,24,NA,NA,42900,0,18446744073709508716
23,Cflexa_Sros_D44_thickstack_A-35_ch1,25,D44_KIN,"[1989, 1105]",31804,5622696,5590892
24,Cflexa_Sros_D44_thickstack_A-35_ch1,26,NA,NA,4681,2801497,2796816
25,Cflexa_Sros_D44_thickstack_A-35_ch1,27,NA,NA,40025,738781,698756
