,id,cell,sp,cell_coord,cyto_mean_int,one_nuclDNA_int,one_nuclDNA_int_corr
0,Cflexa_Sros_D44_thickstack_A-32_ch1,1,NA,NA,12809,9460103,9447294
1,Cflexa_Sros_D44_thickstack_A-32_ch1,2,NA,NA,9299,4096637,4087338
2,Cflexa_Sros_D44_thickstack_A-32_ch1,3,NA,NA,7697,4356772,4349075
3,Cflexa_Sros_D44_thickstack_A-32_ch1,4,NA,NA,11836,6441820,6429984
4,Cflexa_Sros_D44_thickstack_A-32_ch1,5,NA,NA,59172,44229627,44170455
5,Cflexa_Sros_D44_thickstack_A-32_ch1,6,NA,NA,24067,18536989,18512922
6,Cflexa_Sros_D44_thickstack_A-32_ch1,7,NA,NA,11707,11532823,11521116
7,Cflexa_Sros_D44_thickstack_A-32_ch1,8,NA,NA,54547,82035129,81980582
8,Cflexa_Sros_D44_thickstack_A-32_ch1,9,NA,NA,14036,4773177,4759141
9,Cflexa_Sros_D44_thickstack_A-32_ch1,10,NA,NA,15142,4602343,4587201
10,Cflexa_Sros_D44_thickstack_A-32_ch1,11,NA,NA,12086,4947854,4935768
11,Cflexa_Sros_D44_thickstack_A-32_ch1,12,NA,NA,11710,3785704,3773994
12,Cflexa_Sros_D44_thickstack_A-32_ch1,13,NA,NA,14466,6865549,6851083
13,Cflexa_Sros_D44_thickstack_A-32_ch1,14,NA,NA,11995,6416556,6404561
14,Cflexa_Sros_D44_thickstack_A-32_ch1,15,NA,NA,15059,7294531,7279472
15,Cflexa_Sros_D44_thickstack_A-32_ch1,16,NA,NA,8422,3096655,3088233
16,Cflexa_Sros_D44_thickstack_A-32_ch1,17,NA,NA,10776,4044370,4033594
17,Cflexa_Sros_D44_thickstack_A-32_ch1,18,D44_KIN,"[1550, 1948]",23625,7890197,7866572
18,Cflexa_Sros_D44_thickstack_A-32_ch1,19,NA,NA,10307,4175965,4165658
19,Cflexa_Sros_D44_thickstack_A-32_ch1,20,NA,NA,9602,3316336,3306734
20,Cflexa_Sros_D44_thickstack_A-32_ch1,21,NA,NA,8043,3096464,3088421
21,Cflexa_Sros_D44_thickstack_A-32_ch1,22,NA,NA,11266,4769818,4758552
22,Cflexa_Sros_D44_thickstack_A-32_ch1,23,NA,NA,17648,9014074,8996426
23,Cflexa_Sros_D44_thickstack_A-32_ch1,24,D44_KIN,"[1082, 1381]",21528,11050171,11028643
