,id,cell,sp,cell_coord,nucl_sum_int,cyto_mean_int,nucl_sum_int_corr,one_kDNA_int,one_nuclDNA_int,one_kDNA_int_corr,one_nuclDNA_int_corr
0,Cflexa_Sros_D44_thickstack_A-38_ch1,1,NA,NA,8203706,9031,8194675,8289301,7660687,8280270,7651656
1,Cflexa_Sros_D44_thickstack_A-38_ch1,2,Capsa,"[397, 69]",3873218,7431,3865787,3276524,3506512,3269093,3499081
2,Cflexa_Sros_D44_thickstack_A-38_ch1,3,Theca,"[678, 577]",2469858,7390,2462468,1807084,2061644,1799694,2054254
3,Cflexa_Sros_D44_thickstack_A-38_ch1,4,Sros,"[786, 1431]",20792174,14510,20777664,26506995,17927106,26492485,17912596
4,Cflexa_Sros_D44_thickstack_A-38_ch1,5,NA,NA,18704937,29251,18675686,8415699,14802264,8386448,14773013
5,Cflexa_Sros_D44_thickstack_A-38_ch1,6,Capsa,"[1751, 1516]",4667178,6970,4660208,4744814,3788383,4737844,3781413
6,Cflexa_Sros_D44_thickstack_A-38_ch1,7,Sros,"[1939, 779]",10974506,16322,10958184,9047638,6828899,9031316,6812577
