,id,cell,sp,cell_coord,nucl_sum_int,cyto_mean_int,nucl_sum_int_corr,one_kDNA_int,one_nuclDNA_int,one_kDNA_int_corr,one_nuclDNA_int_corr
0,Cflexa_Sros_D44_thickstack_A-39_ch1,1,Cflexa,"[262, 1525]",7748408,10835,7737573,8542131,7974692,8531296,7963857
1,Cflexa_Sros_D44_thickstack_A-39_ch1,2,Cflexa,"[907, 1767]",10200876,11038,10189838,11636865,9463924,11625827,9452886
2,Cflexa_Sros_D44_thickstack_A-39_ch1,3,NA,NA,10592034,24252,10567782,4593735,8667394,4569483,8643142
3,Cflexa_Sros_D44_thickstack_A-39_ch1,4,D44_KIN,"[1405, 783]",18510083,27687,18482396,7463959,17148158,7436272,17120471
4,Cflexa_Sros_D44_thickstack_A-39_ch1,5,NA,NA,8938297,13017,8925280,9426752,7155839,9413735,7142822
5,Cflexa_Sros_D44_thickstack_A-39_ch1,6,Theca,"[1660, 1837]",2743053,8391,2734662,2977036,1863909,2968645,1855518
