,id,cell,sp,cell_coord,cyto_mean_int,one_kDNA_int,one_kDNA_int_corr
0,Cflexa_Sros_D44_thickstack_A-36_ch1,1,NA,NA,7420,2155049,2147629
1,Cflexa_Sros_D44_thickstack_A-36_ch1,2,NA,NA,19318,11802327,11783009
2,Cflexa_Sros_D44_thickstack_A-36_ch1,3,NA,NA,52168,69050878,68998710
3,Cflexa_Sros_D44_thickstack_A-36_ch1,6,D44_KIN,"[1498, 570]",30053,7847410,7817357
4,Cflexa_Sros_D44_thickstack_A-36_ch1,7,D44_KIN,"[1592, 1347]",33583,16098365,16064782
5,Cflexa_Sros_D44_thickstack_A-36_ch1,8,NA,NA,46073,12339044,12292971
6,Cflexa_Sros_D44_thickstack_A-36_ch1,9,NA,NA,13240,8685643,8672403
7,Cflexa_Sros_D44_thickstack_A-36_ch1,10,NA,NA,58683,60284056,60225373
8,Cflexa_Sros_D44_thickstack_A-36_ch1,11,D44_KIN,"[1790, 1270]",29162,5329411,5300249
9,Cflexa_Sros_D44_thickstack_A-36_ch1,12,D44_KIN,"[112, 1090]",27950,5740682,5712732
10,Cflexa_Sros_D44_thickstack_A-36_ch1,13,NA,NA,5208,1084515,1079307
