,id,cell,sp,cell_coord,cyto_mean_int,one_nuclDNA_int,one_nuclDNA_int_corr
0,Cflexa_Sros_D44_thickstack_A-29_ch1,1,D44_KIN,"[59, 1064]",38571,28840436,28801865
1,Cflexa_Sros_D44_thickstack_A-29_ch1,2,NA,NA,39738,24368192,24328454
2,Cflexa_Sros_D44_thickstack_A-29_ch1,3,D44_KIN,"[1319, 283]",29568,16077463,16047895
3,Cflexa_Sros_D44_thickstack_A-29_ch1,4,NA,NA,50302,90479247,90428945
4,Cflexa_Sros_D44_thickstack_A-29_ch1,5,NA,NA,6784,839283,832499
5,Cflexa_Sros_D44_thickstack_A-29_ch1,6,NA,NA,6762,592626,585864
