,id,cell,sp,cell_coord,cyto_mean_int,one_nuclDNA_int,one_nuclDNA_int_corr
0,Cflexa_Sros_D44_thickstack_A-25_ch1,1,D44_KIN,"[46, 761]",28426,9315575,9287149
1,Cflexa_Sros_D44_thickstack_A-25_ch1,6,NA,NA,23832,9443236,9419404
2,Cflexa_Sros_D44_thickstack_A-25_ch1,10,NA,NA,15955,11326873,11310918
3,Cflexa_Sros_D44_thickstack_A-25_ch1,11,NA,NA,13182,15613325,15600143
4,Cflexa_Sros_D44_thickstack_A-25_ch1,13,NA,NA,37116,24484562,24447446
5,Cflexa_Sros_D44_thickstack_A-25_ch1,16,NA,NA,6178,3422711,3416533
6,Cflexa_Sros_D44_thickstack_A-25_ch1,17,NA,NA,6220,2581935,2575715
7,Cflexa_Sros_D44_thickstack_A-25_ch1,19,NA,NA,23705,8960087,8936382
