,id,cell,sp,cell_coord,cyto_mean_int,one_nuclDNA_int,one_nuclDNA_int_corr
0,Cflexa_Sros_D44_thickstack_A-27_ch1,1,NA,NA,22310,9508574,9486264
1,Cflexa_Sros_D44_thickstack_A-27_ch1,2,NA,NA,8639,6541812,6533173
2,Cflexa_Sros_D44_thickstack_A-27_ch1,3,NA,NA,6341,6315150,6308809
3,Cflexa_Sros_D44_thickstack_A-27_ch1,4,NA,NA,22516,10305829,10283313
4,Cflexa_Sros_D44_thickstack_A-27_ch1,5,NA,NA,8019,1893272,1885253
5,Cflexa_Sros_D44_thickstack_A-27_ch1,6,D44_KIN,"[1212, 2027]",19441,12873542,12854101
6,Cflexa_Sros_D44_thickstack_A-27_ch1,7,NA,NA,8983,1786270,1777287
7,Cflexa_Sros_D44_thickstack_A-27_ch1,8,NA,NA,7928,8205,277
8,Cflexa_Sros_D44_thickstack_A-27_ch1,9,NA,NA,8495,5626530,5618035
9,Cflexa_Sros_D44_thickstack_A-27_ch1,10,NA,NA,24590,9652833,9628243
10,Cflexa_Sros_D44_thickstack_A-27_ch1,11,D44_KIN,"[1555, 461]",25767,9071448,9045681
11,Cflexa_Sros_D44_thickstack_A-27_ch1,12,NA,NA,24062,12169126,12145064
12,Cflexa_Sros_D44_thickstack_A-27_ch1,13,NA,NA,21079,9933989,9912910
