,id,cell,sp,cell_coord,cyto_mean_int,one_kDNA_int,one_kDNA_int_corr
0,Cflexa_Sros_D44_thickstack_A-07_ch1,1,NA,NA,12672,18255444,18242772
1,Cflexa_Sros_D44_thickstack_A-07_ch1,2,D44_KIN,"[275, 901]",20432,4073617,4053185
2,Cflexa_Sros_D44_thickstack_A-07_ch1,3,D44_KIN,"[297, 1659]",22330,9166563,9144233
3,Cflexa_Sros_D44_thickstack_A-07_ch1,4,NA,NA,8121,8953987,8945866
4,Cflexa_Sros_D44_thickstack_A-07_ch1,5,NA,NA,7475,3509718,3502243
5,Cflexa_Sros_D44_thickstack_A-07_ch1,6,D44_KIN,"[1069, 1649]",20914,8739732,8718818
6,Cflexa_Sros_D44_thickstack_A-07_ch1,7,NA,NA,18406,15962317,15943911
7,Cflexa_Sros_D44_thickstack_A-07_ch1,8,NA,NA,8121,4252837,4244716
8,Cflexa_Sros_D44_thickstack_A-07_ch1,9,NA,NA,7821,3553824,3546003
9,Cflexa_Sros_D44_thickstack_A-07_ch1,10,NA,NA,12446,9591698,9579252
10,Cflexa_Sros_D44_thickstack_A-07_ch1,11,NA,NA,7389,2507465,2500076
11,Cflexa_Sros_D44_thickstack_A-07_ch1,12,D44_KIN,"[1726, 870]",26817,4736603,4709786
12,Cflexa_Sros_D44_thickstack_A-07_ch1,13,NA,NA,8220,3764168,3755948
13,Cflexa_Sros_D44_thickstack_A-07_ch1,14,NA,NA,6167,2406505,2400338
14,Cflexa_Sros_D44_thickstack_A-07_ch1,15,NA,NA,6757,4692367,4685610
15,Cflexa_Sros_D44_thickstack_A-07_ch1,16,D44_KIN,"[1810, 70]",20217,9905963,9885746
16,Cflexa_Sros_D44_thickstack_A-07_ch1,17,NA,NA,7165,4211668,4204503
17,Cflexa_Sros_D44_thickstack_A-07_ch1,18,NA,NA,16285,26245459,26229174
18,Cflexa_Sros_D44_thickstack_A-07_ch1,19,NA,NA,18288,8564639,8546351
19,Cflexa_Sros_D44_thickstack_A-07_ch1,21,NA,NA,7185,1707965,1700780
20,Cflexa_Sros_D44_thickstack_A-07_ch1,22,D44_KIN,"[1687, 919]",23205,5485520,5462315
21,Cflexa_Sros_D44_thickstack_A-07_ch1,23,NA,NA,7977,3536841,3528864
22,Cflexa_Sros_D44_thickstack_A-07_ch1,24,NA,NA,6723,1566920,1560197
