,id,cell,sp,cell_coord,cyto_mean_int,one_kDNA_int,one_kDNA_int_corr
0,Cflexa_Sros_D44_thickstack_A-08_ch1,1,NA,NA,7000,3826609,3819609
1,Cflexa_Sros_D44_thickstack_A-08_ch1,2,NA,NA,41196,32578135,32536939
2,Cflexa_Sros_D44_thickstack_A-08_ch1,3,NA,NA,8085,4036037,4027952
3,Cflexa_Sros_D44_thickstack_A-08_ch1,4,NA,NA,14212,11322189,11307977
4,Cflexa_Sros_D44_thickstack_A-08_ch1,5,D44_KIN,"[1047, 128]",23237,9834823,9811586
5,Cflexa_Sros_D44_thickstack_A-08_ch1,6,NA,NA,6682,2682817,2676135
6,Cflexa_Sros_D44_thickstack_A-08_ch1,7,NA,NA,8723,3833670,3824947
7,Cflexa_Sros_D44_thickstack_A-08_ch1,8,NA,NA,22229,3495418,3473189
