,id,cell,sp,cell_coord,cyto_mean_int,one_kDNA_int,one_kDNA_int_corr
0,Cflexa_Sros_D44_thickstack_A-09_ch1,1,NA,NA,10573,7504568,7493995
1,Cflexa_Sros_D44_thickstack_A-09_ch1,2,NA,NA,27437,11592339,11564902
2,Cflexa_Sros_D44_thickstack_A-09_ch1,3,NA,NA,10467,6071985,6061518
3,Cflexa_Sros_D44_thickstack_A-09_ch1,4,NA,NA,7192,2221800,2214608
4,Cflexa_Sros_D44_thickstack_A-09_ch1,5,NA,NA,16867,15610587,15593720
5,Cflexa_Sros_D44_thickstack_A-09_ch1,6,NA,NA,43744,48687092,48643348
6,Cflexa_Sros_D44_thickstack_A-09_ch1,7,D44_KIN,"[591, 76]",24375,13107306,13082931
7,Cflexa_Sros_D44_thickstack_A-09_ch1,8,NA,NA,40485,41076284,41035799
8,Cflexa_Sros_D44_thickstack_A-09_ch1,9,NA,NA,12946,4988232,4975286
9,Cflexa_Sros_D44_thickstack_A-09_ch1,10,NA,NA,13794,6272035,6258241
10,Cflexa_Sros_D44_thickstack_A-09_ch1,11,NA,NA,20386,11842876,11822490
11,Cflexa_Sros_D44_thickstack_A-09_ch1,12,NA,NA,12136,9507456,9495320
12,Cflexa_Sros_D44_thickstack_A-09_ch1,13,NA,NA,33020,15517975,15484955
13,Cflexa_Sros_D44_thickstack_A-09_ch1,14,NA,NA,47764,9431186,9383422
14,Cflexa_Sros_D44_thickstack_A-09_ch1,15,NA,NA,45472,16401471,16355999
15,Cflexa_Sros_D44_thickstack_A-09_ch1,16,NA,NA,24733,11605494,11580761
16,Cflexa_Sros_D44_thickstack_A-09_ch1,17,NA,NA,17793,9716442,9698649
17,Cflexa_Sros_D44_thickstack_A-09_ch1,18,NA,NA,20692,12416054,12395362
18,Cflexa_Sros_D44_thickstack_A-09_ch1,19,NA,NA,8902,4678107,4669205
19,Cflexa_Sros_D44_thickstack_A-09_ch1,20,NA,NA,12829,8012528,7999699
20,Cflexa_Sros_D44_thickstack_A-09_ch1,21,NA,NA,13504,7432190,7418686
21,Cflexa_Sros_D44_thickstack_A-09_ch1,22,NA,NA,12750,14050028,14037278
22,Cflexa_Sros_D44_thickstack_A-09_ch1,23,NA,NA,34384,38334704,38300320
23,Cflexa_Sros_D44_thickstack_A-09_ch1,24,NA,NA,21148,17856884,17835736
24,Cflexa_Sros_D44_thickstack_A-09_ch1,25,NA,NA,9777,1111438,1101661
25,Cflexa_Sros_D44_thickstack_A-09_ch1,27,NA,NA,43400,28848827,28805427
