,id,cell,sp,cell_coord,nucl_sum_int,cyto_mean_int,nucl_sum_int_corr,one_kDNA_int,one_nuclDNA_int,one_kDNA_int_corr,one_nuclDNA_int_corr
0,Cflexa_Sros_D44_thickstack_A-28_ch1,1,Capsa,"[868, 127]",10803543,8118,10795425,9048991,5121427,9040873,5113309
1,Cflexa_Sros_D44_thickstack_A-28_ch1,2,Capsa,"[1360, 1901]",4951521,6293,4945228,3995950,3088918,3989657,3082625
2,Cflexa_Sros_D44_thickstack_A-28_ch1,3,Diplo,"[1997, 695]",96603415,62167,96541248,69856695,85505200,69794528,85443033
3,Cflexa_Sros_D44_thickstack_A-28_ch1,4,Theca,"[670, 1278]",7431098,10164,7420934,1537884,3607923,1527720,3597759
