,id,cell,sp,cell_coord,cyto_mean_int,one_nuclDNA_int,one_nuclDNA_int_corr
0,Cflexa_Sros_D44_thickstack_A-35_ch1,1,NA,NA,1962,1126642,1124680
1,Cflexa_Sros_D44_thickstack_A-35_ch1,2,NA,NA,18105,11734027,11715922
2,Cflexa_Sros_D44_thickstack_A-35_ch1,4,D44_KIN,"[167, 939]",25145,14724786,14699641
3,Cflexa_Sros_D44_thickstack_A-35_ch1,5,D44_KIN,"[212, 427]",27544,12543021,12515477
4,Cflexa_Sros_D44_thickstack_A-35_ch1,6,NA,NA,18262,10111273,10093011
5,Cflexa_Sros_D44_thickstack_A-35_ch1,7,NA,NA,16794,11496984,11480190
6,Cflexa_Sros_D44_thickstack_A-35_ch1,8,D44_KIN,"[818, 1092]",28375,9591801,9563426
7,Cflexa_Sros_D44_thickstack_A-35_ch1,9,NA,NA,18825,0,18446744073709532791
8,Cflexa_Sros_D44_thickstack_A-35_ch1,10,NA,NA,55654,240854770,240799116
9,Cflexa_Sros_D44_thickstack_A-35_ch1,11,NA,NA,11567,4799294,4787727
10,Cflexa_Sros_D44_thickstack_A-35_ch1,12,NA,NA,27795,12466546,12438751
11,Cflexa_Sros_D44_thickstack_A-35_ch1,13,NA,NA,8723,3417481,3408758
12,Cflexa_Sros_D44_thickstack_A-35_ch1,14,NA,NA,8764,3580436,3571672
13,Cflexa_Sros_D44_thickstack_A-35_ch1,15,NA,NA,12033,7863131,7851098
14,Cflexa_Sros_D44_thickstack_A-35_ch1,16,D44_KIN,"[723, 922]",33626,10562211,10528585
15,Cflexa_Sros_D44_thickstack_A-35_ch1,17,D44_KIN,"[851, 1225]",33256,10340577,10307321
16,Cflexa_Sros_D44_thickstack_A-35_ch1,18,D44_KIN,"[1015, 1238]",31050,10775126,10744076
17,Cflexa_Sros_D44_thickstack_A-35_ch1,19,D44_KIN,"[491, 75]",33929,11926257,11892328
18,Cflexa_Sros_D44_thickstack_A-35_ch1,20,D44_KIN,"[362, 1153]",32840,16469407,16436567
19,Cflexa_Sros_D44_thickstack_A-35_ch1,21,NA,NA,33561,17020556,16986995
20,Cflexa_Sros_D44_thickstack_A-35_ch1,22,NA,NA,41945,17344339,17302394
21,Cflexa_Sros_D44_thickstack_A-35_ch1,23,NA,NA,7970,1623692,1615722
22,Cflexa_Sros_D44_thickstack_A-35_ch1,24,NA,NA,42900,18700729,18657829
23,Cflexa_Sros_D44_thickstack_A-35_ch1,25,D44_KIN,"[1989, 1105]",31804,13228265,13196461
24,Cflexa_Sros_D44_thickstack_A-35_ch1,26,NA,NA,4681,1591373,1586692
25,Cflexa_Sros_D44_thickstack_A-35_ch1,27,NA,NA,40025,10942505,10902480
