,id,cell,sp,cell_coord,nucl_sum_int,cyto_mean_int,nucl_sum_int_corr,one_kDNA_int,one_nuclDNA_int,one_kDNA_int_corr,one_nuclDNA_int_corr
0,Cflexa_Sros_D44_thickstack_A-24_ch1,1,NA,NA,12912117,29790,12882327,11582398,9518681,11552608,9488891
1,Cflexa_Sros_D44_thickstack_A-24_ch1,2,NA,NA,30871388,37351,30834037,28823400,25033342,28786049,24995991
2,Cflexa_Sros_D44_thickstack_A-24_ch1,3,D44_KIN,"[1282, 379]",12919800,27015,12892785,7844694,12025749,7817679,11998734
3,Cflexa_Sros_D44_thickstack_A-24_ch1,4,Yeast,"[1478, 723]",2982210,4895,2977315,4029537,1448882,4024642,1443987
4,Cflexa_Sros_D44_thickstack_A-24_ch1,5,Yeast,"[1498, 1871]",1663461,3816,1659645,2647961,790040,2644145,786224
5,Cflexa_Sros_D44_thickstack_A-24_ch1,6,Sros,"[1615, 823]",23636772,18902,23617870,26874432,18685460,26855530,18666558
