,id,cell,sp,cell_coord,cyto_mean_int,one_kDNA_int,one_kDNA_int_corr
0,Cflexa_Sros_D44_thickstack_A-04_ch1,1,NA,NA,25334,44539325,44513991
1,Cflexa_Sros_D44_thickstack_A-04_ch1,4,D44_KIN,"[900, 802]",21997,10065062,10043065
2,Cflexa_Sros_D44_thickstack_A-04_ch1,6,D44_KIN,"[1176, 1772]",21811,6040542,6018731
3,Cflexa_Sros_D44_thickstack_A-04_ch1,7,NA,NA,27013,13916487,13889474
4,Cflexa_Sros_D44_thickstack_A-04_ch1,8,NA,NA,17868,7291229,7273361
5,Cflexa_Sros_D44_thickstack_A-04_ch1,10,NA,NA,27419,12719194,12691775
6,Cflexa_Sros_D44_thickstack_A-04_ch1,11,NA,NA,29591,51620228,51590637
