,id,cell,sp,cell_coord,nucl_sum_int,cyto_mean_int,nucl_sum_int_corr,one_kDNA_int,one_nuclDNA_int,one_kDNA_int_corr,one_nuclDNA_int_corr
0,Cflexa_Sros_D44_thickstack_A-17_ch1,1,Capsa,"[737, 347]",6469777,8412,6461365,6569098,6777463,6560686,6769051
1,Cflexa_Sros_D44_thickstack_A-17_ch1,2,NA,NA,11582998,24554,11558444,4398021,9935443,4373467,9910889
2,Cflexa_Sros_D44_thickstack_A-17_ch1,3,Theca,"[190, 1700]",4065641,9330,4056311,3401894,3416767,3392564,3407437
3,Cflexa_Sros_D44_thickstack_A-17_ch1,4,Cflexa,"[925, 1477]",24492099,41397,24450702,6409188,20821959,6367791,20780562
