,id,cell,sp,cell_coord,nucl_sum_int,cyto_mean_int,nucl_sum_int_corr,one_kDNA_int,one_nuclDNA_int,one_kDNA_int_corr,one_nuclDNA_int_corr
0,Cflexa_Sros_D44_thickstack_A-37_ch1,1,NA,NA,14820049,25643,14794406,10627168,11444982,10601525,11419339
1,Cflexa_Sros_D44_thickstack_A-37_ch1,2,NA,NA,13041316,30424,13010892,5228603,9865883,5198179,9835459
2,Cflexa_Sros_D44_thickstack_A-37_ch1,3,Theca,"[996, 1932]",2266241,8883,2257358,2393493,1420444,2384610,1411561
3,Cflexa_Sros_D44_thickstack_A-37_ch1,4,NA,NA,13598295,27071,13571224,7754650,10189624,7727579,10162553
4,Cflexa_Sros_D44_thickstack_A-37_ch1,5,NA,NA,215274,1929,213345,64559,133536,62630,131607
5,Cflexa_Sros_D44_thickstack_A-37_ch1,6,Yeast,"[1272, 400]",3148381,5324,3143057,4003198,1604615,3997874,1599291
6,Cflexa_Sros_D44_thickstack_A-37_ch1,7,Yeast,"[1296, 1542]",1675046,4651,1670395,3118707,951858,3114056,947207
7,Cflexa_Sros_D44_thickstack_A-37_ch1,8,Sros,"[1412, 487]",26679050,20914,26658136,30997226,19346310,30976312,19325396
