,id,cell,sp,cell_coord,nucl_sum_int,cyto_mean_int,nucl_sum_int_corr,one_kDNA_int,one_nuclDNA_int,one_kDNA_int_corr,one_nuclDNA_int_corr
0,Cflexa_Sros_D44_thickstack_A-27_ch1,1,NA,NA,12698722,22310,12676412,6314826,9508574,6292516,9486264
1,Cflexa_Sros_D44_thickstack_A-27_ch1,2,NA,NA,6942314,8639,6933675,7437424,6541812,7428785,6533173
2,Cflexa_Sros_D44_thickstack_A-27_ch1,3,NA,NA,7951780,6341,7945439,10260279,6315150,10253938,6308809
3,Cflexa_Sros_D44_thickstack_A-27_ch1,4,NA,NA,12289995,22516,12267479,1825141,10305829,1802625,10283313
4,Cflexa_Sros_D44_thickstack_A-27_ch1,5,Theca,"[1159, 160]",3463100,8019,3455081,3511543,1893272,3503524,1885253
5,Cflexa_Sros_D44_thickstack_A-27_ch1,6,D44_KIN,"[1212, 2027]",10806072,19441,10786631,3008181,12873542,2988740,12854101
6,Cflexa_Sros_D44_thickstack_A-27_ch1,7,Theca,"[1233, 1648]",3047680,8983,3038697,2345956,1786270,2336973,1777287
7,Cflexa_Sros_D44_thickstack_A-27_ch1,8,NA,NA,0,7928,18446744073709543688,0,8205,18446744073709543688,277
8,Cflexa_Sros_D44_thickstack_A-27_ch1,9,Cflexa,"[1315, 1181]",8065284,8495,8056789,10721822,5626530,10713327,5618035
9,Cflexa_Sros_D44_thickstack_A-27_ch1,10,NA,NA,12942937,24590,12918347,13847173,9652833,13822583,9628243
10,Cflexa_Sros_D44_thickstack_A-27_ch1,11,D44_KIN,"[1555, 461]",12679549,25767,12653782,6787089,9071448,6761322,9045681
11,Cflexa_Sros_D44_thickstack_A-27_ch1,12,NA,NA,14933478,24062,14909416,4077959,12169126,4053897,12145064
12,Cflexa_Sros_D44_thickstack_A-27_ch1,13,NA,NA,11242762,21079,11221683,3914478,9933989,3893399,9912910
