,id,cell,sp,cell_coord,cyto_mean_int,one_kDNA_int,one_kDNA_int_corr
0,Cflexa_Sros_D44_thickstack_A-20_ch1,1,NA,NA,37756,44865855,44828099
1,Cflexa_Sros_D44_thickstack_A-20_ch1,2,NA,NA,16070,12330158,12314088
2,Cflexa_Sros_D44_thickstack_A-20_ch1,3,NA,NA,11608,10158292,10146684
3,Cflexa_Sros_D44_thickstack_A-20_ch1,4,NA,NA,7919,3830169,3822250
4,Cflexa_Sros_D44_thickstack_A-20_ch1,6,NA,NA,29702,20214403,20184701
5,Cflexa_Sros_D44_thickstack_A-20_ch1,7,NA,NA,28167,11301678,11273511
6,Cflexa_Sros_D44_thickstack_A-20_ch1,8,NA,NA,12275,12339454,12327179
7,Cflexa_Sros_D44_thickstack_A-20_ch1,9,D44_KIN,"[1630, 1281]",21939,8282999,8261060
8,Cflexa_Sros_D44_thickstack_A-20_ch1,11,D44_KIN,"[1808, 1692]",26615,8777711,8751096
9,Cflexa_Sros_D44_thickstack_A-20_ch1,12,D44_KIN,"[1828, 865]",29317,11210571,11181254
10,Cflexa_Sros_D44_thickstack_A-20_ch1,13,NA,NA,14461,8239880,8225419
11,Cflexa_Sros_D44_thickstack_A-20_ch1,14,NA,NA,9223,2391857,2382634
12,Cflexa_Sros_D44_thickstack_A-20_ch1,15,NA,NA,7315,1117097,1109782
