,id,cell,sp,cell_coord,cyto_mean_int,one_nuclDNA_int,one_nuclDNA_int_corr
0,Cflexa_Sros_D44_thickstack_A-10_ch1,1,NA,NA,30889,11493896,11463007
1,Cflexa_Sros_D44_thickstack_A-10_ch1,2,NA,NA,7871,4167289,4159418
2,Cflexa_Sros_D44_thickstack_A-10_ch1,3,NA,NA,8298,1504185,1495887
3,Cflexa_Sros_D44_thickstack_A-10_ch1,4,NA,NA,22610,9997379,9974769
4,Cflexa_Sros_D44_thickstack_A-10_ch1,5,NA,NA,16387,13683292,13666905
5,Cflexa_Sros_D44_thickstack_A-10_ch1,6,D44_KIN,"[666, 630]",34948,20753753,20718805
6,Cflexa_Sros_D44_thickstack_A-10_ch1,7,NA,NA,8551,3827236,3818685
7,Cflexa_Sros_D44_thickstack_A-10_ch1,8,D44_KIN,"[766, 1085]",30317,15799783,15769466
8,Cflexa_Sros_D44_thickstack_A-10_ch1,9,D44_KIN,"[775, 220]",34532,16197295,16162763
9,Cflexa_Sros_D44_thickstack_A-10_ch1,10,NA,NA,35402,18877894,18842492
10,Cflexa_Sros_D44_thickstack_A-10_ch1,11,NA,NA,22995,22237323,22214328
11,Cflexa_Sros_D44_thickstack_A-10_ch1,12,NA,NA,13940,6778547,6764607
12,Cflexa_Sros_D44_thickstack_A-10_ch1,13,NA,NA,28379,14896909,14868530
13,Cflexa_Sros_D44_thickstack_A-10_ch1,14,NA,NA,8548,3964712,3956164
14,Cflexa_Sros_D44_thickstack_A-10_ch1,15,NA,NA,8689,3554106,3545417
15,Cflexa_Sros_D44_thickstack_A-10_ch1,17,NA,NA,16930,8172346,8155416
16,Cflexa_Sros_D44_thickstack_A-10_ch1,18,NA,NA,10840,3740954,3730114
17,Cflexa_Sros_D44_thickstack_A-10_ch1,19,D44_KIN,"[1683, 1335]",42994,41758424,41715430
18,Cflexa_Sros_D44_thickstack_A-10_ch1,20,NA,NA,9376,3727509,3718133
19,Cflexa_Sros_D44_thickstack_A-10_ch1,21,NA,NA,6758,1616140,1609382
