,id,cell,sp,cell_coord,cyto_mean_int,one_kDNA_int,one_kDNA_int_corr
0,Cflexa_Sros_D44_thickstack_A-40_ch1,1,D44_KIN,"[333, 1952]",26593,11300474,11273881
1,Cflexa_Sros_D44_thickstack_A-40_ch1,2,NA,NA,2335,525088,522753
2,Cflexa_Sros_D44_thickstack_A-40_ch1,3,NA,NA,11447,3104511,3093064
3,Cflexa_Sros_D44_thickstack_A-40_ch1,4,NA,NA,37432,47260941,47223509
4,Cflexa_Sros_D44_thickstack_A-40_ch1,5,NA,NA,11108,6069109,6058001
5,Cflexa_Sros_D44_thickstack_A-40_ch1,6,NA,NA,30262,25155635,25125373
6,Cflexa_Sros_D44_thickstack_A-40_ch1,7,NA,NA,23161,8438495,8415334
7,Cflexa_Sros_D44_thickstack_A-40_ch1,8,NA,NA,41539,128989946,128948407
8,Cflexa_Sros_D44_thickstack_A-40_ch1,9,NA,NA,12715,13208200,13195485
9,Cflexa_Sros_D44_thickstack_A-40_ch1,10,NA,NA,12809,7179587,7166778
10,Cflexa_Sros_D44_thickstack_A-40_ch1,11,NA,NA,25995,10760142,10734147
11,Cflexa_Sros_D44_thickstack_A-40_ch1,12,NA,NA,10439,3603537,3593098
12,Cflexa_Sros_D44_thickstack_A-40_ch1,13,D44_KIN,"[1592, 1612]",21166,7744213,7723047
13,Cflexa_Sros_D44_thickstack_A-40_ch1,14,NA,NA,26009,28567422,28541413
14,Cflexa_Sros_D44_thickstack_A-40_ch1,15,NA,NA,11973,6257008,6245035
