,id,cell,sp,cell_coord,cyto_mean_int,one_kDNA_int,one_kDNA_int_corr
0,Cflexa_Sros_D44_thickstack_A-26_ch1,1,NA,NA,4897,2837966,2833069
1,Cflexa_Sros_D44_thickstack_A-26_ch1,2,NA,NA,6012,6816761,6810749
2,Cflexa_Sros_D44_thickstack_A-26_ch1,3,D44_KIN,"[603, 364]",23052,8582942,8559890
3,Cflexa_Sros_D44_thickstack_A-26_ch1,4,NA,NA,9528,2713783,2704255
4,Cflexa_Sros_D44_thickstack_A-26_ch1,9,NA,NA,12450,12499245,12486795
5,Cflexa_Sros_D44_thickstack_A-26_ch1,11,NA,NA,22202,20862408,20840206
6,Cflexa_Sros_D44_thickstack_A-26_ch1,12,D44_KIN,"[1585, 189]",21877,5662442,5640565
7,Cflexa_Sros_D44_thickstack_A-26_ch1,15,NA,NA,954,8043,7089
8,Cflexa_Sros_D44_thickstack_A-26_ch1,16,NA,NA,3443,1330276,1326833
9,Cflexa_Sros_D44_thickstack_A-26_ch1,19,NA,NA,4951,1678513,1673562
