,id,cell,sp,cell_coord,cyto_mean_int,one_nuclDNA_int,one_nuclDNA_int_corr
0,Cflexa_Sros_D44_thickstack_A-40_ch1,1,D44_KIN,"[333, 1952]",26593,18264732,18238139
1,Cflexa_Sros_D44_thickstack_A-40_ch1,2,NA,NA,2335,172540,170205
2,Cflexa_Sros_D44_thickstack_A-40_ch1,3,NA,NA,11447,2407451,2396004
3,Cflexa_Sros_D44_thickstack_A-40_ch1,4,NA,NA,37432,24959065,24921633
4,Cflexa_Sros_D44_thickstack_A-40_ch1,5,NA,NA,11108,5832726,5821618
5,Cflexa_Sros_D44_thickstack_A-40_ch1,6,NA,NA,30262,12572701,12542439
6,Cflexa_Sros_D44_thickstack_A-40_ch1,7,NA,NA,23161,13050598,13027437
7,Cflexa_Sros_D44_thickstack_A-40_ch1,8,NA,NA,41539,114720777,114679238
8,Cflexa_Sros_D44_thickstack_A-40_ch1,9,NA,NA,12715,10826178,10813463
9,Cflexa_Sros_D44_thickstack_A-40_ch1,10,NA,NA,12809,7452080,7439271
10,Cflexa_Sros_D44_thickstack_A-40_ch1,11,NA,NA,25995,12599480,12573485
11,Cflexa_Sros_D44_thickstack_A-40_ch1,12,NA,NA,10439,4087596,4077157
12,Cflexa_Sros_D44_thickstack_A-40_ch1,13,D44_KIN,"[1592, 1612]",21166,10269421,10248255
13,Cflexa_Sros_D44_thickstack_A-40_ch1,14,NA,NA,26009,11644437,11618428
14,Cflexa_Sros_D44_thickstack_A-40_ch1,15,NA,NA,11973,6225331,6213358
