,id,cell,sp,cell_coord,cyto_mean_int,one_kDNA_int,one_kDNA_int_corr
0,Cflexa_Sros_D44_thickstack_A-33_ch1,1,NA,NA,59815,115187792,115127977
1,Cflexa_Sros_D44_thickstack_A-33_ch1,2,NA,NA,9905,3978083,3968178
2,Cflexa_Sros_D44_thickstack_A-33_ch1,3,NA,NA,10330,3714139,3703809
3,Cflexa_Sros_D44_thickstack_A-33_ch1,4,NA,NA,8642,4222155,4213513
4,Cflexa_Sros_D44_thickstack_A-33_ch1,5,NA,NA,8478,4085599,4077121
5,Cflexa_Sros_D44_thickstack_A-33_ch1,6,NA,NA,16353,19504829,19488476
6,Cflexa_Sros_D44_thickstack_A-33_ch1,7,NA,NA,7626,3509361,3501735
7,Cflexa_Sros_D44_thickstack_A-33_ch1,8,NA,NA,12262,11250560,11238298
8,Cflexa_Sros_D44_thickstack_A-33_ch1,9,NA,NA,11122,3742523,3731401
9,Cflexa_Sros_D44_thickstack_A-33_ch1,10,NA,NA,12335,8817254,8804919
10,Cflexa_Sros_D44_thickstack_A-33_ch1,11,NA,NA,45889,5753572,5707683
11,Cflexa_Sros_D44_thickstack_A-33_ch1,12,NA,NA,17413,11703345,11685932
12,Cflexa_Sros_D44_thickstack_A-33_ch1,13,NA,NA,7787,2672761,2664974
13,Cflexa_Sros_D44_thickstack_A-33_ch1,14,NA,NA,15061,13610982,13595921
14,Cflexa_Sros_D44_thickstack_A-33_ch1,15,NA,NA,11109,7051029,7039920
15,Cflexa_Sros_D44_thickstack_A-33_ch1,16,D44_KIN,"[1500, 420]",23706,6946813,6923107
16,Cflexa_Sros_D44_thickstack_A-33_ch1,17,D44_KIN,"[1090, 459]",39136,13978224,13939088
