,id,cell,sp,cell_coord,nucl_sum_int,cyto_mean_int,nucl_sum_int_corr,one_kDNA_int,one_nuclDNA_int,one_kDNA_int_corr,one_nuclDNA_int_corr
0,Cflexa_Sros_D44_thickstack_A-21_ch1,1,NA,NA,10113853,9678,10104175,8956351,7679818,8946673,7670140
1,Cflexa_Sros_D44_thickstack_A-21_ch1,2,Cflexa,"[196, 1961]",12960706,14534,12946172,9063671,10849528,9049137,10834994
2,Cflexa_Sros_D44_thickstack_A-21_ch1,3,NA,NA,15321707,11368,15310339,8255221,7645766,8243853,7634398
3,Cflexa_Sros_D44_thickstack_A-21_ch1,4,NA,NA,8965881,9761,8956120,7001949,7039829,6992188,7030068
4,Cflexa_Sros_D44_thickstack_A-21_ch1,5,Capsa,"[495, 645]",6418175,8806,6409369,6319362,6016876,6310556,6008070
5,Cflexa_Sros_D44_thickstack_A-21_ch1,6,Cflexa,"[1282, 659]",20668436,19125,20649311,17171086,20398653,17151961,20379528
6,Cflexa_Sros_D44_thickstack_A-21_ch1,7,Capsa,"[1472, 1969]",6559675,5853,6553822,3142685,3127216,3136832,3121363
7,Cflexa_Sros_D44_thickstack_A-21_ch1,8,NA,NA,15791263,9974,15781289,9056508,8803902,9046534,8793928
8,Cflexa_Sros_D44_thickstack_A-21_ch1,9,NA,NA,5903322,9935,5893387,4058383,0,4048448,18446744073709541681
9,Cflexa_Sros_D44_thickstack_A-21_ch1,10,NA,NA,13431454,21828,13409626,0,9563853,18446744073709529788,9542025
10,Cflexa_Sros_D44_thickstack_A-21_ch1,11,Theca,"[1305, 311]",3816373,6413,3809960,5195108,2344044,5188695,2337631
11,Cflexa_Sros_D44_thickstack_A-21_ch1,12,Theca,"[1153, 170]",3013465,5317,3008148,3081001,1608621,3075684,1603304
12,Cflexa_Sros_D44_thickstack_A-21_ch1,13,Theca,"[1523, 596]",9467657,7754,9459903,2315605,4080553,2307851,4072799
