,id,cell,sp,cell_coord,nucl_sum_int,cyto_mean_int,nucl_sum_int_corr,one_kDNA_int,one_nuclDNA_int,one_kDNA_int_corr,one_nuclDNA_int_corr
0,Cflexa_Sros_D44_thickstack_A-22_ch1,1,Diplo,"[603, 1173]",120514087,58001,120456086,163034498,108684945,162976497,108626944
1,Cflexa_Sros_D44_thickstack_A-22_ch1,2,Sros,"[1408, 444]",10842476,16222,10826254,11696229,9099554,11680007,9083332
2,Cflexa_Sros_D44_thickstack_A-22_ch1,3,Yeast,"[1432, 64]",2793787,4699,2789088,134148,555846,129449,551147
3,Cflexa_Sros_D44_thickstack_A-22_ch1,4,D44_KIN,"[1476, 1452]",12132527,28581,12103946,5851044,8756464,5822463,8727883
4,Cflexa_Sros_D44_thickstack_A-22_ch1,5,D44_KIN,"[708, 431]",11887114,33923,11853191,4711483,16143260,4677560,16109337
5,Cflexa_Sros_D44_thickstack_A-22_ch1,6,D44_KIN,"[975, 850]",14815190,30826,14784364,4416547,16829000,4385721,16798174
