,id,cell,sp,cell_coord,nucl_sum_int,cyto_mean_int,nucl_sum_int_corr,one_kDNA_int,one_nuclDNA_int,one_kDNA_int_corr,one_nuclDNA_int_corr
0,Cflexa_Sros_D44_thickstack_A-04_ch1,1,NA,NA,27366760,25334,27341426,44539325,22068005,44513991,22042671
1,Cflexa_Sros_D44_thickstack_A-04_ch1,4,D44_KIN,"[900, 802]",13509004,21997,13487007,10065062,10635569,10043065,10613572
2,Cflexa_Sros_D44_thickstack_A-04_ch1,6,D44_KIN,"[1176, 1772]",11179206,21811,11157395,6040542,8892900,6018731,8871089
3,Cflexa_Sros_D44_thickstack_A-04_ch1,7,NA,NA,24830284,27013,24803271,13916487,22261605,13889474,22234592
4,Cflexa_Sros_D44_thickstack_A-04_ch1,8,NA,NA,14074048,17868,14056180,7291229,9340061,7273361,9322193
5,Cflexa_Sros_D44_thickstack_A-04_ch1,10,NA,NA,22456050,27419,22428631,12719194,20366790,12691775,20339371
6,Cflexa_Sros_D44_thickstack_A-04_ch1,11,NA,NA,27997690,29591,27968099,51620228,21943495,51590637,21913904
