,id,cell,sp,cell_coord,cyto_mean_int,one_nuclDNA_int,one_nuclDNA_int_corr
0,Cflexa_Sros_D44_thickstack_A-22_ch1,1,NA,NA,58001,108684945,108626944
1,Cflexa_Sros_D44_thickstack_A-22_ch1,2,NA,NA,16222,9099554,9083332
2,Cflexa_Sros_D44_thickstack_A-22_ch1,3,NA,NA,4699,555846,551147
3,Cflexa_Sros_D44_thickstack_A-22_ch1,4,D44_KIN,"[1476, 1452]",28581,8756464,8727883
4,Cflexa_Sros_D44_thickstack_A-22_ch1,5,D44_KIN,"[708, 431]",33923,16143260,16109337
5,Cflexa_Sros_D44_thickstack_A-22_ch1,6,D44_KIN,"[975, 850]",30826,16829000,16798174
