,id,cell,sp,cell_coord,cyto_mean_int,one_kDNA_int,one_kDNA_int_corr
0,Cflexa_Sros_D44_thickstack_A-27_ch1,1,NA,NA,22310,6314826,6292516
1,Cflexa_Sros_D44_thickstack_A-27_ch1,2,NA,NA,8639,7437424,7428785
2,Cflexa_Sros_D44_thickstack_A-27_ch1,3,NA,NA,6341,10260279,10253938
3,Cflexa_Sros_D44_thickstack_A-27_ch1,4,NA,NA,22516,1825141,1802625
4,Cflexa_Sros_D44_thickstack_A-27_ch1,5,NA,NA,8019,3511543,3503524
5,Cflexa_Sros_D44_thickstack_A-27_ch1,6,D44_KIN,"[1212, 2027]",19441,3008181,2988740
6,Cflexa_Sros_D44_thickstack_A-27_ch1,7,NA,NA,8983,2345956,2336973
7,Cflexa_Sros_D44_thickstack_A-27_ch1,8,NA,NA,7928,0,18446744073709543688
8,Cflexa_Sros_D44_thickstack_A-27_ch1,9,NA,NA,8495,10721822,10713327
9,Cflexa_Sros_D44_thickstack_A-27_ch1,10,NA,NA,24590,13847173,13822583
10,Cflexa_Sros_D44_thickstack_A-27_ch1,11,D44_KIN,"[1555, 461]",25767,6787089,6761322
11,Cflexa_Sros_D44_thickstack_A-27_ch1,12,NA,NA,24062,4077959,4053897
12,Cflexa_Sros_D44_thickstack_A-27_ch1,13,NA,NA,21079,3914478,3893399
