,id,cell,sp,cell_coord,cyto_mean_int,one_kDNA_int,one_kDNA_int_corr
0,Cflexa_Sros_D44_thickstack_A-05_ch1,1,D44_KIN,"[64, 1468]",29410,14789715,14760305
1,Cflexa_Sros_D44_thickstack_A-05_ch1,2,NA,NA,12913,19313645,19300732
2,Cflexa_Sros_D44_thickstack_A-05_ch1,3,D44_KIN,"[255, 1610]",21868,8388903,8367035
3,Cflexa_Sros_D44_thickstack_A-05_ch1,4,NA,NA,30112,24455307,24425195
4,Cflexa_Sros_D44_thickstack_A-05_ch1,5,D44_KIN,"[858, 580]",23868,6553000,6529132
5,Cflexa_Sros_D44_thickstack_A-05_ch1,7,NA,NA,16652,14493320,14476668
6,Cflexa_Sros_D44_thickstack_A-05_ch1,8,D44_KIN,"[1092, 1921]",23592,8303101,8279509
7,Cflexa_Sros_D44_thickstack_A-05_ch1,9,D44_KIN,"[1323, 954]",25320,9877404,9852084
8,Cflexa_Sros_D44_thickstack_A-05_ch1,10,D44_KIN,"[1451, 1006]",22361,11176937,11154576
9,Cflexa_Sros_D44_thickstack_A-05_ch1,11,NA,NA,17876,6658785,6640909
10,Cflexa_Sros_D44_thickstack_A-05_ch1,12,D44_KIN,"[265, 1644]",37242,8318420,8281178
