,id,cell,sp,cell_coord,nucl_sum_int,cyto_mean_int,nucl_sum_int_corr,one_kDNA_int,one_nuclDNA_int,one_kDNA_int_corr,one_nuclDNA_int_corr
0,Cflexa_Sros_D44_thickstack_A-29_ch1,1,D44_KIN,"[59, 1064]",36468426,38571,36429855,13693880,28840436,13655309,28801865
1,Cflexa_Sros_D44_thickstack_A-29_ch1,2,NA,NA,33312859,39738,33273121,16610410,24368192,16570672,24328454
2,Cflexa_Sros_D44_thickstack_A-29_ch1,3,D44_KIN,"[1319, 283]",24569616,29568,24540048,13343767,16077463,13314199,16047895
3,Cflexa_Sros_D44_thickstack_A-29_ch1,4,Diplo,"[1854, 1743]",69078543,50302,69028241,61305573,90479247,61255271,90428945
4,Cflexa_Sros_D44_thickstack_A-29_ch1,5,Yeast,"[2001, 1516]",2775184,6784,2768400,403167,839283,396383,832499
5,Cflexa_Sros_D44_thickstack_A-29_ch1,6,Yeast,"[2024, 1485]",1719664,6762,1712902,546987,592626,540225,585864
