,id,cell,sp,cell_coord,cyto_mean_int,one_nuclDNA_int,one_nuclDNA_int_corr
0,Cflexa_Sros_D44_thickstack_A-07_ch1,1,NA,NA,12672,11000212,10987540
1,Cflexa_Sros_D44_thickstack_A-07_ch1,2,D44_KIN,"[275, 901]",20432,2677474,2657042
2,Cflexa_Sros_D44_thickstack_A-07_ch1,3,D44_KIN,"[297, 1659]",22330,11575889,11553559
3,Cflexa_Sros_D44_thickstack_A-07_ch1,4,NA,NA,8121,5332206,5324085
4,Cflexa_Sros_D44_thickstack_A-07_ch1,5,NA,NA,7475,4569437,4561962
5,Cflexa_Sros_D44_thickstack_A-07_ch1,6,D44_KIN,"[1069, 1649]",20914,9663640,9642726
6,Cflexa_Sros_D44_thickstack_A-07_ch1,7,NA,NA,18406,18862350,18843944
7,Cflexa_Sros_D44_thickstack_A-07_ch1,8,NA,NA,8121,3697257,3689136
8,Cflexa_Sros_D44_thickstack_A-07_ch1,9,NA,NA,7821,3828763,3820942
9,Cflexa_Sros_D44_thickstack_A-07_ch1,10,NA,NA,12446,7832825,7820379
10,Cflexa_Sros_D44_thickstack_A-07_ch1,11,NA,NA,7389,208135,200746
11,Cflexa_Sros_D44_thickstack_A-07_ch1,12,D44_KIN,"[1726, 870]",26817,10430275,10403458
12,Cflexa_Sros_D44_thickstack_A-07_ch1,13,NA,NA,8220,3933124,3924904
13,Cflexa_Sros_D44_thickstack_A-07_ch1,14,NA,NA,6167,2940007,2933840
14,Cflexa_Sros_D44_thickstack_A-07_ch1,15,NA,NA,6757,3761997,3755240
15,Cflexa_Sros_D44_thickstack_A-07_ch1,16,D44_KIN,"[1810, 70]",20217,10476539,10456322
16,Cflexa_Sros_D44_thickstack_A-07_ch1,17,NA,NA,7165,3579786,3572621
17,Cflexa_Sros_D44_thickstack_A-07_ch1,18,NA,NA,16285,20589534,20573249
18,Cflexa_Sros_D44_thickstack_A-07_ch1,19,NA,NA,18288,12841051,12822763
19,Cflexa_Sros_D44_thickstack_A-07_ch1,21,NA,NA,7185,1954183,1946998
20,Cflexa_Sros_D44_thickstack_A-07_ch1,22,D44_KIN,"[1687, 919]",23205,10401789,10378584
21,Cflexa_Sros_D44_thickstack_A-07_ch1,23,NA,NA,7977,2179145,2171168
22,Cflexa_Sros_D44_thickstack_A-07_ch1,24,NA,NA,6723,1483620,1476897
