,id,cell,sp,cell_coord,cyto_mean_int,one_kDNA_int,one_kDNA_int_corr
0,Cflexa_Sros_D44_thickstack_A-29_ch1,1,D44_KIN,"[59, 1064]",38571,13693880,13655309
1,Cflexa_Sros_D44_thickstack_A-29_ch1,2,NA,NA,39738,16610410,16570672
2,Cflexa_Sros_D44_thickstack_A-29_ch1,3,D44_KIN,"[1319, 283]",29568,13343767,13314199
3,Cflexa_Sros_D44_thickstack_A-29_ch1,4,NA,NA,50302,61305573,61255271
4,Cflexa_Sros_D44_thickstack_A-29_ch1,5,NA,NA,6784,403167,396383
5,Cflexa_Sros_D44_thickstack_A-29_ch1,6,NA,NA,6762,546987,540225
