,id,cell,sp,cell_coord,nucl_sum_int,cyto_mean_int,nucl_sum_int_corr,one_kDNA_int,one_nuclDNA_int,one_kDNA_int_corr,one_nuclDNA_int_corr
0,Cflexa_Sros_D44_thickstack_A-23_ch1,2,NA,NA,12516007,25443,12490564,5963552,9277751,5938109,9252308
1,Cflexa_Sros_D44_thickstack_A-23_ch1,3,NA,NA,26669891,36967,26632924,13831156,22603363,13794189,22566396
2,Cflexa_Sros_D44_thickstack_A-23_ch1,4,D44_KIN,"[824, 1918]",10654778,26993,10627785,4857973,8910000,4830980,8883007
3,Cflexa_Sros_D44_thickstack_A-23_ch1,6,Yeast,"[1179, 1599]",2903732,7099,2896633,3446110,1421982,3439011,1414883
4,Cflexa_Sros_D44_thickstack_A-23_ch1,10,Yeast,"[1738, 1133]",3402943,5761,3397182,4251497,2325079,4245736,2319318
5,Cflexa_Sros_D44_thickstack_A-23_ch1,11,NA,NA,15649271,25600,15623671,17557498,12850900,17531898,12825300
