,id,cell,sp,cell_coord,cyto_mean_int,one_kDNA_int,one_kDNA_int_corr
0,Cflexa_Sros_D44_thickstack_A-22_ch1,1,NA,NA,58001,163034498,162976497
1,Cflexa_Sros_D44_thickstack_A-22_ch1,2,NA,NA,16222,11696229,11680007
2,Cflexa_Sros_D44_thickstack_A-22_ch1,3,NA,NA,4699,134148,129449
3,Cflexa_Sros_D44_thickstack_A-22_ch1,4,D44_KIN,"[1476, 1452]",28581,5851044,5822463
4,Cflexa_Sros_D44_thickstack_A-22_ch1,5,D44_KIN,"[708, 431]",33923,4711483,4677560
5,Cflexa_Sros_D44_thickstack_A-22_ch1,6,D44_KIN,"[975, 850]",30826,4416547,4385721
