,id,cell,sp,cell_coord,cyto_mean_int,one_kDNA_int,one_kDNA_int_corr
0,Cflexa_Sros_D44_thickstack_A-25_ch1,1,D44_KIN,"[46, 761]",28426,9071559,9043133
1,Cflexa_Sros_D44_thickstack_A-25_ch1,6,NA,NA,23832,4794229,4770397
2,Cflexa_Sros_D44_thickstack_A-25_ch1,10,NA,NA,15955,15329333,15313378
3,Cflexa_Sros_D44_thickstack_A-25_ch1,11,NA,NA,13182,19768146,19754964
4,Cflexa_Sros_D44_thickstack_A-25_ch1,13,NA,NA,37116,26828524,26791408
5,Cflexa_Sros_D44_thickstack_A-25_ch1,16,NA,NA,6178,5864845,5858667
6,Cflexa_Sros_D44_thickstack_A-25_ch1,17,NA,NA,6220,3670041,3663821
7,Cflexa_Sros_D44_thickstack_A-25_ch1,19,NA,NA,23705,4586083,4562378
