,id,cell,sp,cell_coord,cyto_mean_int,one_nuclDNA_int,one_nuclDNA_int_corr
0,Cflexa_Sros_D44_thickstack_A-36_ch1,1,NA,NA,7420,2089276,2081856
1,Cflexa_Sros_D44_thickstack_A-36_ch1,2,NA,NA,19318,8369695,8350377
2,Cflexa_Sros_D44_thickstack_A-36_ch1,3,NA,NA,52168,109424266,109372098
3,Cflexa_Sros_D44_thickstack_A-36_ch1,6,D44_KIN,"[1498, 570]",30053,13272753,13242700
4,Cflexa_Sros_D44_thickstack_A-36_ch1,7,D44_KIN,"[1592, 1347]",33583,20289664,20256081
5,Cflexa_Sros_D44_thickstack_A-36_ch1,8,NA,NA,46073,23660120,23614047
6,Cflexa_Sros_D44_thickstack_A-36_ch1,9,NA,NA,13240,7925124,7911884
7,Cflexa_Sros_D44_thickstack_A-36_ch1,10,NA,NA,58683,103303244,103244561
8,Cflexa_Sros_D44_thickstack_A-36_ch1,11,D44_KIN,"[1790, 1270]",29162,7955584,7926422
9,Cflexa_Sros_D44_thickstack_A-36_ch1,12,D44_KIN,"[112, 1090]",27950,9858660,9830710
10,Cflexa_Sros_D44_thickstack_A-36_ch1,13,NA,NA,5208,349688,344480
