,id,cell,sp,cell_coord,nucl_sum_int,cyto_mean_int,nucl_sum_int_corr,one_kDNA_int,one_nuclDNA_int,one_kDNA_int_corr,one_nuclDNA_int_corr
0,Cflexa_Sros_D44_thickstack_A-14_ch1,1,Cflexa,"[330, 1310]",18331493,13747,18317746,21110900,17486879,21097153,17473132
1,Cflexa_Sros_D44_thickstack_A-14_ch1,2,D44_KIN,"[346, 1595]",15571260,26935,15544325,9231793,12135232,9204858,12108297
2,Cflexa_Sros_D44_thickstack_A-14_ch1,5,NA,NA,33291392,36981,33254411,11518931,24347968,11481950,24310987
3,Cflexa_Sros_D44_thickstack_A-14_ch1,7,D44_KIN,"[1880, 1113]",12544256,24891,12519365,7146767,13459374,7121876,13434483
