,id,cell,sp,cell_coord,cyto_mean_int,one_nuclDNA_int,one_nuclDNA_int_corr
0,Cflexa_Sros_D44_thickstack_A-09_ch1,1,NA,NA,10573,7426206,7415633
1,Cflexa_Sros_D44_thickstack_A-09_ch1,2,NA,NA,27437,10607312,10579875
2,Cflexa_Sros_D44_thickstack_A-09_ch1,3,NA,NA,10467,5472949,5462482
3,Cflexa_Sros_D44_thickstack_A-09_ch1,4,NA,NA,7192,1369074,1361882
4,Cflexa_Sros_D44_thickstack_A-09_ch1,5,NA,NA,16867,10549800,10532933
5,Cflexa_Sros_D44_thickstack_A-09_ch1,6,NA,NA,43744,30388976,30345232
6,Cflexa_Sros_D44_thickstack_A-09_ch1,7,D44_KIN,"[591, 76]",24375,17983884,17959509
7,Cflexa_Sros_D44_thickstack_A-09_ch1,8,NA,NA,40485,30528684,30488199
8,Cflexa_Sros_D44_thickstack_A-09_ch1,9,NA,NA,12946,4286660,4273714
9,Cflexa_Sros_D44_thickstack_A-09_ch1,10,NA,NA,13794,6933619,6919825
10,Cflexa_Sros_D44_thickstack_A-09_ch1,11,NA,NA,20386,10370945,10350559
11,Cflexa_Sros_D44_thickstack_A-09_ch1,12,NA,NA,12136,8811107,8798971
12,Cflexa_Sros_D44_thickstack_A-09_ch1,13,NA,NA,33020,8876480,8843460
13,Cflexa_Sros_D44_thickstack_A-09_ch1,14,NA,NA,47764,13691091,13643327
14,Cflexa_Sros_D44_thickstack_A-09_ch1,15,NA,NA,45472,0,18446744073709506144
15,Cflexa_Sros_D44_thickstack_A-09_ch1,16,NA,NA,24733,9070881,9046148
16,Cflexa_Sros_D44_thickstack_A-09_ch1,17,NA,NA,17793,8989452,8971659
17,Cflexa_Sros_D44_thickstack_A-09_ch1,18,NA,NA,20692,10441190,10420498
18,Cflexa_Sros_D44_thickstack_A-09_ch1,19,NA,NA,8902,4405838,4396936
19,Cflexa_Sros_D44_thickstack_A-09_ch1,20,NA,NA,12829,7673517,7660688
20,Cflexa_Sros_D44_thickstack_A-09_ch1,21,NA,NA,13504,8038041,8024537
21,Cflexa_Sros_D44_thickstack_A-09_ch1,22,NA,NA,12750,9582849,9570099
22,Cflexa_Sros_D44_thickstack_A-09_ch1,23,NA,NA,34384,29181612,29147228
23,Cflexa_Sros_D44_thickstack_A-09_ch1,24,NA,NA,21148,11614690,11593542
24,Cflexa_Sros_D44_thickstack_A-09_ch1,25,NA,NA,9777,860752,850975
25,Cflexa_Sros_D44_thickstack_A-09_ch1,27,NA,NA,43400,2972922,2929522
