,id,cell,sp,cell_coord,cyto_mean_int,one_kDNA_int,one_kDNA_int_corr
0,Cflexa_Sros_D44_thickstack_A-32_ch1,1,NA,NA,12809,8227452,8214643
1,Cflexa_Sros_D44_thickstack_A-32_ch1,2,NA,NA,9299,3493845,3484546
2,Cflexa_Sros_D44_thickstack_A-32_ch1,3,NA,NA,7697,4499065,4491368
3,Cflexa_Sros_D44_thickstack_A-32_ch1,4,NA,NA,11836,6617956,6606120
4,Cflexa_Sros_D44_thickstack_A-32_ch1,5,NA,NA,59172,64648550,64589378
5,Cflexa_Sros_D44_thickstack_A-32_ch1,6,NA,NA,24067,21618945,21594878
6,Cflexa_Sros_D44_thickstack_A-32_ch1,7,NA,NA,11707,10869830,10858123
7,Cflexa_Sros_D44_thickstack_A-32_ch1,8,NA,NA,54547,71507690,71453143
8,Cflexa_Sros_D44_thickstack_A-32_ch1,9,NA,NA,14036,3599904,3585868
9,Cflexa_Sros_D44_thickstack_A-32_ch1,10,NA,NA,15142,4233487,4218345
10,Cflexa_Sros_D44_thickstack_A-32_ch1,11,NA,NA,12086,6038804,6026718
11,Cflexa_Sros_D44_thickstack_A-32_ch1,12,NA,NA,11710,3618087,3606377
12,Cflexa_Sros_D44_thickstack_A-32_ch1,13,NA,NA,14466,6870762,6856296
13,Cflexa_Sros_D44_thickstack_A-32_ch1,14,NA,NA,11995,5729573,5717578
14,Cflexa_Sros_D44_thickstack_A-32_ch1,15,NA,NA,15059,7408148,7393089
15,Cflexa_Sros_D44_thickstack_A-32_ch1,16,NA,NA,8422,2846244,2837822
16,Cflexa_Sros_D44_thickstack_A-32_ch1,17,NA,NA,10776,3399422,3388646
17,Cflexa_Sros_D44_thickstack_A-32_ch1,18,D44_KIN,"[1550, 1948]",23625,5187515,5163890
18,Cflexa_Sros_D44_thickstack_A-32_ch1,19,NA,NA,10307,4079591,4069284
19,Cflexa_Sros_D44_thickstack_A-32_ch1,20,NA,NA,9602,3262596,3252994
20,Cflexa_Sros_D44_thickstack_A-32_ch1,21,NA,NA,8043,3331357,3323314
21,Cflexa_Sros_D44_thickstack_A-32_ch1,22,NA,NA,11266,4695488,4684222
22,Cflexa_Sros_D44_thickstack_A-32_ch1,23,NA,NA,17648,11908893,11891245
23,Cflexa_Sros_D44_thickstack_A-32_ch1,24,D44_KIN,"[1082, 1381]",21528,10994505,10972977
