,id,cell,sp,cell_coord,cyto_mean_int,one_kDNA_int,one_kDNA_int_corr
0,Cflexa_Sros_D44_thickstack_A-11_ch1,1,NA,NA,7829,4474971,4467142
1,Cflexa_Sros_D44_thickstack_A-11_ch1,2,NA,NA,7444,5007619,5000175
2,Cflexa_Sros_D44_thickstack_A-11_ch1,3,NA,NA,25781,16307962,16282181
3,Cflexa_Sros_D44_thickstack_A-11_ch1,4,D44_KIN,"[527, 1651]",34487,31534984,31500497
4,Cflexa_Sros_D44_thickstack_A-11_ch1,6,NA,NA,29387,7422628,7393241
5,Cflexa_Sros_D44_thickstack_A-11_ch1,7,D44_KIN,"[671, 814]",30100,4990050,4959950
6,Cflexa_Sros_D44_thickstack_A-11_ch1,8,NA,NA,12575,9882935,9870360
7,Cflexa_Sros_D44_thickstack_A-11_ch1,9,NA,NA,7816,1351950,1344134
8,Cflexa_Sros_D44_thickstack_A-11_ch1,10,D44_KIN,"[843, 1758]",24484,9336853,9312369
9,Cflexa_Sros_D44_thickstack_A-11_ch1,11,NA,NA,7280,3239877,3232597
10,Cflexa_Sros_D44_thickstack_A-11_ch1,12,D44_KIN,"[1109, 410]",21681,6722047,6700366
11,Cflexa_Sros_D44_thickstack_A-11_ch1,13,NA,NA,11882,37964,26082
12,Cflexa_Sros_D44_thickstack_A-11_ch1,14,NA,NA,10756,8727342,8716586
13,Cflexa_Sros_D44_thickstack_A-11_ch1,15,D44_KIN,"[1563, 1958]",24090,9034982,9010892
14,Cflexa_Sros_D44_thickstack_A-11_ch1,16,NA,NA,27674,18111554,18083880
15,Cflexa_Sros_D44_thickstack_A-11_ch1,17,D44_KIN,"[1626, 1708]",24198,7342107,7317909
