,id,cell,sp,cell_coord,cyto_mean_int,one_nuclDNA_int,one_nuclDNA_int_corr
0,Cflexa_Sros_D44_thickstack_A-23_ch1,2,NA,NA,25443,9277751,9252308
1,Cflexa_Sros_D44_thickstack_A-23_ch1,3,NA,NA,36967,22603363,22566396
2,Cflexa_Sros_D44_thickstack_A-23_ch1,4,D44_KIN,"[824, 1918]",26993,8910000,8883007
3,Cflexa_Sros_D44_thickstack_A-23_ch1,6,NA,NA,7099,1421982,1414883
4,Cflexa_Sros_D44_thickstack_A-23_ch1,10,NA,NA,5761,2325079,2319318
5,Cflexa_Sros_D44_thickstack_A-23_ch1,11,NA,NA,25600,12850900,12825300
