,id,cell,sp,cell_coord,cyto_mean_int,one_nuclDNA_int,one_nuclDNA_int_corr
0,Cflexa_Sros_D44_thickstack_A-04_ch1,1,NA,NA,25334,22068005,22042671
1,Cflexa_Sros_D44_thickstack_A-04_ch1,4,D44_KIN,"[900, 802]",21997,10635569,10613572
2,Cflexa_Sros_D44_thickstack_A-04_ch1,6,D44_KIN,"[1176, 1772]",21811,8892900,8871089
3,Cflexa_Sros_D44_thickstack_A-04_ch1,7,NA,NA,27013,22261605,22234592
4,Cflexa_Sros_D44_thickstack_A-04_ch1,8,NA,NA,17868,9340061,9322193
5,Cflexa_Sros_D44_thickstack_A-04_ch1,10,NA,NA,27419,20366790,20339371
6,Cflexa_Sros_D44_thickstack_A-04_ch1,11,NA,NA,29591,21943495,21913904
