,id,cell,sp,cell_coord,nucl_sum_int,cyto_mean_int,nucl_sum_int_corr,one_kDNA_int,one_nuclDNA_int,one_kDNA_int_corr,one_nuclDNA_int_corr
0,Cflexa_Sros_D44_thickstack_A-08_ch1,1,Capsa,"[956, 441]",3936022,7000,3929022,3826609,4154878,3819609,4147878
1,Cflexa_Sros_D44_thickstack_A-08_ch1,2,NA,NA,33269522,41196,33228326,32578135,30028536,32536939,29987340
2,Cflexa_Sros_D44_thickstack_A-08_ch1,3,Capsa,"[1370, 1942]",4441103,8085,4433018,4036037,3951520,4027952,3943435
3,Cflexa_Sros_D44_thickstack_A-08_ch1,4,Cflexa,"[1633, 292]",11645377,14212,11631165,11322189,9747170,11307977,9732958
4,Cflexa_Sros_D44_thickstack_A-08_ch1,5,D44_KIN,"[1047, 128]",15072108,23237,15048871,9834823,15073981,9811586,15050744
5,Cflexa_Sros_D44_thickstack_A-08_ch1,6,Theca,"[1403, 702]",2058763,6682,2052081,2682817,1710481,2676135,1703799
6,Cflexa_Sros_D44_thickstack_A-08_ch1,7,Theca,"[348, 1739]",2427877,8723,2419154,3833670,2198780,3824947,2190057
7,Cflexa_Sros_D44_thickstack_A-08_ch1,8,NA,NA,11833383,22229,11811154,3495418,8946921,3473189,8924692
