,id,cell,sp,cell_coord,cyto_mean_int,one_nuclDNA_int,one_nuclDNA_int_corr
0,Cflexa_Sros_D44_thickstack_A-20_ch1,1,NA,NA,37756,21513139,21475383
1,Cflexa_Sros_D44_thickstack_A-20_ch1,2,NA,NA,16070,8127459,8111389
2,Cflexa_Sros_D44_thickstack_A-20_ch1,3,NA,NA,11608,8006883,7995275
3,Cflexa_Sros_D44_thickstack_A-20_ch1,4,NA,NA,7919,4670045,4662126
4,Cflexa_Sros_D44_thickstack_A-20_ch1,6,NA,NA,29702,10197007,10167305
5,Cflexa_Sros_D44_thickstack_A-20_ch1,7,NA,NA,28167,10568806,10540639
6,Cflexa_Sros_D44_thickstack_A-20_ch1,8,NA,NA,12275,9590927,9578652
7,Cflexa_Sros_D44_thickstack_A-20_ch1,9,D44_KIN,"[1630, 1281]",21939,9872105,9850166
8,Cflexa_Sros_D44_thickstack_A-20_ch1,11,D44_KIN,"[1808, 1692]",26615,11961967,11935352
9,Cflexa_Sros_D44_thickstack_A-20_ch1,12,D44_KIN,"[1828, 865]",29317,14339135,14309818
10,Cflexa_Sros_D44_thickstack_A-20_ch1,13,NA,NA,14461,8247815,8233354
11,Cflexa_Sros_D44_thickstack_A-20_ch1,14,NA,NA,9223,1658261,1649038
12,Cflexa_Sros_D44_thickstack_A-20_ch1,15,NA,NA,7315,1868120,1860805
