,id,cell,sp,cell_coord,nucl_sum_int,cyto_mean_int,nucl_sum_int_corr,one_kDNA_int,one_nuclDNA_int,one_kDNA_int_corr,one_nuclDNA_int_corr
0,Cflexa_Sros_D44_thickstack_A-25_ch1,1,D44_KIN,"[46, 761]",12565617,28426,12537191,9071559,9315575,9043133,9287149
1,Cflexa_Sros_D44_thickstack_A-25_ch1,6,NA,NA,12524799,23832,12500967,4794229,9443236,4770397,9419404
2,Cflexa_Sros_D44_thickstack_A-25_ch1,10,Cflexa,"[1138, 226]",13578404,15955,13562449,15329333,11326873,15313378,11310918
3,Cflexa_Sros_D44_thickstack_A-25_ch1,11,Cflexa,"[1173, 1661]",16314890,13182,16301708,19768146,15613325,19754964,15600143
4,Cflexa_Sros_D44_thickstack_A-25_ch1,13,NA,NA,31402513,37116,31365397,26828524,24484562,26791408,24447446
5,Cflexa_Sros_D44_thickstack_A-25_ch1,16,Capsa,"[1375, 1909]",5773937,6178,5767759,5864845,3422711,5858667,3416533
6,Cflexa_Sros_D44_thickstack_A-25_ch1,17,Capsa,"[1430, 1839]",3766037,6220,3759817,3670041,2581935,3663821,2575715
7,Cflexa_Sros_D44_thickstack_A-25_ch1,19,NA,NA,12441228,23705,12417523,4586083,8960087,4562378,8936382
