,id,cell,sp,cell_coord,cyto_mean_int,one_nuclDNA_int,one_nuclDNA_int_corr
0,Cflexa_Sros_D44_thickstack_A-11_ch1,1,NA,NA,7829,3889389,3881560
1,Cflexa_Sros_D44_thickstack_A-11_ch1,2,NA,NA,7444,4646825,4639381
2,Cflexa_Sros_D44_thickstack_A-11_ch1,3,NA,NA,25781,10643416,10617635
3,Cflexa_Sros_D44_thickstack_A-11_ch1,4,D44_KIN,"[527, 1651]",34487,24542648,24508161
4,Cflexa_Sros_D44_thickstack_A-11_ch1,6,NA,NA,29387,9868319,9838932
5,Cflexa_Sros_D44_thickstack_A-11_ch1,7,D44_KIN,"[671, 814]",30100,13990177,13960077
6,Cflexa_Sros_D44_thickstack_A-11_ch1,8,NA,NA,12575,8108458,8095883
7,Cflexa_Sros_D44_thickstack_A-11_ch1,9,NA,NA,7816,1107856,1100040
8,Cflexa_Sros_D44_thickstack_A-11_ch1,10,D44_KIN,"[843, 1758]",24484,11022606,10998122
9,Cflexa_Sros_D44_thickstack_A-11_ch1,11,NA,NA,7280,3136139,3128859
10,Cflexa_Sros_D44_thickstack_A-11_ch1,12,D44_KIN,"[1109, 410]",21681,11285820,11264139
11,Cflexa_Sros_D44_thickstack_A-11_ch1,13,NA,NA,11882,37964,26082
12,Cflexa_Sros_D44_thickstack_A-11_ch1,14,NA,NA,10756,7585527,7574771
13,Cflexa_Sros_D44_thickstack_A-11_ch1,15,D44_KIN,"[1563, 1958]",24090,10094786,10070696
14,Cflexa_Sros_D44_thickstack_A-11_ch1,16,NA,NA,27674,13021378,12993704
15,Cflexa_Sros_D44_thickstack_A-11_ch1,17,D44_KIN,"[1626, 1708]",24198,9920171,9895973
