,id,cell,sp,cell_coord,cyto_mean_int,one_kDNA_int,one_kDNA_int_corr
0,Cflexa_Sros_D44_thickstack_A-10_ch1,1,NA,NA,30889,12496548,12465659
1,Cflexa_Sros_D44_thickstack_A-10_ch1,2,NA,NA,7871,4466529,4458658
2,Cflexa_Sros_D44_thickstack_A-10_ch1,3,NA,NA,8298,1854655,1846357
3,Cflexa_Sros_D44_thickstack_A-10_ch1,4,NA,NA,22610,6775669,6753059
4,Cflexa_Sros_D44_thickstack_A-10_ch1,5,NA,NA,16387,19254247,19237860
5,Cflexa_Sros_D44_thickstack_A-10_ch1,6,D44_KIN,"[666, 630]",34948,10404227,10369279
6,Cflexa_Sros_D44_thickstack_A-10_ch1,7,NA,NA,8551,3244126,3235575
7,Cflexa_Sros_D44_thickstack_A-10_ch1,8,D44_KIN,"[766, 1085]",30317,12274219,12243902
8,Cflexa_Sros_D44_thickstack_A-10_ch1,9,D44_KIN,"[775, 220]",34532,9786333,9751801
9,Cflexa_Sros_D44_thickstack_A-10_ch1,10,NA,NA,35402,13499835,13464433
10,Cflexa_Sros_D44_thickstack_A-10_ch1,11,NA,NA,22995,3863701,3840706
11,Cflexa_Sros_D44_thickstack_A-10_ch1,12,NA,NA,13940,5616316,5602376
12,Cflexa_Sros_D44_thickstack_A-10_ch1,13,NA,NA,28379,16037012,16008633
13,Cflexa_Sros_D44_thickstack_A-10_ch1,14,NA,NA,8548,4104148,4095600
14,Cflexa_Sros_D44_thickstack_A-10_ch1,15,NA,NA,8689,4534195,4525506
15,Cflexa_Sros_D44_thickstack_A-10_ch1,17,NA,NA,16930,5566451,5549521
16,Cflexa_Sros_D44_thickstack_A-10_ch1,18,NA,NA,10840,4065509,4054669
17,Cflexa_Sros_D44_thickstack_A-10_ch1,19,D44_KIN,"[1683, 1335]",42994,18022018,17979024
18,Cflexa_Sros_D44_thickstack_A-10_ch1,20,NA,NA,9376,3543522,3534146
19,Cflexa_Sros_D44_thickstack_A-10_ch1,21,NA,NA,6758,4106769,4100011
