,id,cell,sp,cell_coord,cyto_mean_int,one_nuclDNA_int,one_nuclDNA_int_corr
0,Cflexa_Sros_D44_thickstack_A-24_ch1,1,NA,NA,29790,9518681,9488891
1,Cflexa_Sros_D44_thickstack_A-24_ch1,2,NA,NA,37351,25033342,24995991
2,Cflexa_Sros_D44_thickstack_A-24_ch1,3,D44_KIN,"[1282, 379]",27015,12025749,11998734
3,Cflexa_Sros_D44_thickstack_A-24_ch1,4,NA,NA,4895,1448882,1443987
4,Cflexa_Sros_D44_thickstack_A-24_ch1,5,NA,NA,3816,790040,786224
5,Cflexa_Sros_D44_thickstack_A-24_ch1,6,NA,NA,18902,18685460,18666558
