,id,cell,sp,cell_coord,cyto_mean_int,one_nuclDNA_int,one_nuclDNA_int_corr
0,Cflexa_Sros_D44_thickstack_A-05_ch1,1,D44_KIN,"[64, 1468]",29410,11066249,11036839
1,Cflexa_Sros_D44_thickstack_A-05_ch1,2,NA,NA,12913,10269416,10256503
2,Cflexa_Sros_D44_thickstack_A-05_ch1,3,D44_KIN,"[255, 1610]",21868,11138422,11116554
3,Cflexa_Sros_D44_thickstack_A-05_ch1,4,NA,NA,30112,15304580,15274468
4,Cflexa_Sros_D44_thickstack_A-05_ch1,5,D44_KIN,"[858, 580]",23868,14596839,14572971
5,Cflexa_Sros_D44_thickstack_A-05_ch1,7,NA,NA,16652,9709165,9692513
6,Cflexa_Sros_D44_thickstack_A-05_ch1,8,D44_KIN,"[1092, 1921]",23592,14407564,14383972
7,Cflexa_Sros_D44_thickstack_A-05_ch1,9,D44_KIN,"[1323, 954]",25320,13475333,13450013
8,Cflexa_Sros_D44_thickstack_A-05_ch1,10,D44_KIN,"[1451, 1006]",22361,12535685,12513324
9,Cflexa_Sros_D44_thickstack_A-05_ch1,11,NA,NA,17876,9825914,9808038
10,Cflexa_Sros_D44_thickstack_A-05_ch1,12,D44_KIN,"[265, 1644]",37242,9377523,9340281
