,id,cell,sp,cell_coord,cyto_mean_int,one_nuclDNA_int,one_nuclDNA_int_corr
0,Cflexa_Sros_D44_thickstack_A-34_ch1,1,NA,NA,16408,0,18446744073709535208
1,Cflexa_Sros_D44_thickstack_A-34_ch1,2,NA,NA,46762,0,18446744073709504854
2,Cflexa_Sros_D44_thickstack_A-34_ch1,3,NA,NA,16249,7680938,7664689
3,Cflexa_Sros_D44_thickstack_A-34_ch1,4,NA,NA,9753,3503335,3493582
4,Cflexa_Sros_D44_thickstack_A-34_ch1,5,NA,NA,11836,6162459,6150623
5,Cflexa_Sros_D44_thickstack_A-34_ch1,6,NA,NA,16694,9953329,9936635
6,Cflexa_Sros_D44_thickstack_A-34_ch1,7,NA,NA,48814,135392445,135343631
7,Cflexa_Sros_D44_thickstack_A-34_ch1,8,NA,NA,21081,14399922,14378841
8,Cflexa_Sros_D44_thickstack_A-34_ch1,9,NA,NA,8996,8525407,8516411
9,Cflexa_Sros_D44_thickstack_A-34_ch1,10,NA,NA,12019,7944383,7932364
10,Cflexa_Sros_D44_thickstack_A-34_ch1,11,D44_KIN,"[643, 771]",35253,15581301,15546048
11,Cflexa_Sros_D44_thickstack_A-34_ch1,12,D44_KIN,"[173, 1935]",33044,13129916,13096872
12,Cflexa_Sros_D44_thickstack_A-34_ch1,13,NA,NA,8932,3350383,3341451
13,Cflexa_Sros_D44_thickstack_A-34_ch1,14,D44_KIN,"[233, 1740]",29927,11926635,11896708
14,Cflexa_Sros_D44_thickstack_A-34_ch1,15,NA,NA,32553,10737074,10704521
15,Cflexa_Sros_D44_thickstack_A-34_ch1,16,D44_KIN,"[1546, 1849]",32059,9517118,9485059
16,Cflexa_Sros_D44_thickstack_A-34_ch1,17,NA,NA,30614,10119969,10089355
17,Cflexa_Sros_D44_thickstack_A-34_ch1,18,NA,NA,7415,1887030,1879615
18,Cflexa_Sros_D44_thickstack_A-34_ch1,19,D44_KIN,"[1895, 1851]",30446,13641191,13610745
19,Cflexa_Sros_D44_thickstack_A-34_ch1,20,NA,NA,29791,10872545,10842754
20,Cflexa_Sros_D44_thickstack_A-34_ch1,21,D44_KIN,"[560, 1257]",27541,11599346,11571805
21,Cflexa_Sros_D44_thickstack_A-34_ch1,22,NA,NA,26443,9835803,9809360
22,Cflexa_Sros_D44_thickstack_A-34_ch1,23,NA,NA,54973,22472560,22417587
23,Cflexa_Sros_D44_thickstack_A-34_ch1,24,NA,NA,50356,19035662,18985306
