,id,cell,sp,cell_coord,cyto_mean_int,one_kDNA_int,one_kDNA_int_corr
0,Cflexa_Sros_D44_thickstack_A-34_ch1,1,NA,NA,16408,7173968,7157560
1,Cflexa_Sros_D44_thickstack_A-34_ch1,2,NA,NA,46762,18736755,18689993
2,Cflexa_Sros_D44_thickstack_A-34_ch1,3,NA,NA,16249,9850287,9834038
3,Cflexa_Sros_D44_thickstack_A-34_ch1,4,NA,NA,9753,2606893,2597140
4,Cflexa_Sros_D44_thickstack_A-34_ch1,5,NA,NA,11836,5711963,5700127
5,Cflexa_Sros_D44_thickstack_A-34_ch1,6,NA,NA,16694,12559033,12542339
6,Cflexa_Sros_D44_thickstack_A-34_ch1,7,NA,NA,48814,114180539,114131725
7,Cflexa_Sros_D44_thickstack_A-34_ch1,8,NA,NA,21081,12484272,12463191
8,Cflexa_Sros_D44_thickstack_A-34_ch1,9,NA,NA,8996,8323691,8314695
9,Cflexa_Sros_D44_thickstack_A-34_ch1,10,NA,NA,12019,6643423,6631404
10,Cflexa_Sros_D44_thickstack_A-34_ch1,11,D44_KIN,"[643, 771]",35253,8937113,8901860
11,Cflexa_Sros_D44_thickstack_A-34_ch1,12,D44_KIN,"[173, 1935]",33044,6048861,6015817
12,Cflexa_Sros_D44_thickstack_A-34_ch1,13,NA,NA,8932,3021717,3012785
13,Cflexa_Sros_D44_thickstack_A-34_ch1,14,D44_KIN,"[233, 1740]",29927,7720886,7690959
14,Cflexa_Sros_D44_thickstack_A-34_ch1,15,NA,NA,32553,10997690,10965137
15,Cflexa_Sros_D44_thickstack_A-34_ch1,16,D44_KIN,"[1546, 1849]",32059,8740056,8707997
16,Cflexa_Sros_D44_thickstack_A-34_ch1,17,NA,NA,30614,11208674,11178060
17,Cflexa_Sros_D44_thickstack_A-34_ch1,18,NA,NA,7415,5738770,5731355
18,Cflexa_Sros_D44_thickstack_A-34_ch1,19,D44_KIN,"[1895, 1851]",30446,7576009,7545563
19,Cflexa_Sros_D44_thickstack_A-34_ch1,20,NA,NA,29791,11894302,11864511
20,Cflexa_Sros_D44_thickstack_A-34_ch1,21,D44_KIN,"[560, 1257]",27541,8823715,8796174
21,Cflexa_Sros_D44_thickstack_A-34_ch1,22,NA,NA,26443,5949511,5923068
22,Cflexa_Sros_D44_thickstack_A-34_ch1,23,NA,NA,54973,21687734,21632761
23,Cflexa_Sros_D44_thickstack_A-34_ch1,24,NA,NA,50356,0,18446744073709501260
