,id,cell,sp,cell_coord,cyto_mean_int,one_kDNA_int,one_kDNA_int_corr
0,D44_Sros_thickstack_A-13_ch1,1,NA,NA,30281,11734236,11703955
1,D44_Sros_thickstack_A-13_ch1,2,D44_KIN,"[146, 896]",26316,6650120,6623804
2,D44_Sros_thickstack_A-13_ch1,3,NA,NA,24113,7522173,7498060
3,D44_Sros_thickstack_A-13_ch1,4,NA,NA,37041,48343113,48306072
4,D44_Sros_thickstack_A-13_ch1,5,NA,NA,27634,9352354,9324720
5,D44_Sros_thickstack_A-13_ch1,6,D44_KIN,"[404, 978]",33939,11256543,11222604
6,D44_Sros_thickstack_A-13_ch1,7,NA,NA,14978,18096786,18081808
7,D44_Sros_thickstack_A-13_ch1,8,NA,NA,25161,105489,80328
8,D44_Sros_thickstack_A-13_ch1,9,NA,NA,11956,11476019,11464063
9,D44_Sros_thickstack_A-13_ch1,10,NA,NA,28472,7400575,7372103
10,D44_Sros_thickstack_A-13_ch1,11,NA,NA,24573,11474758,11450185
11,D44_Sros_thickstack_A-13_ch1,12,NA,NA,20968,9245906,9224938
12,D44_Sros_thickstack_A-13_ch1,13,NA,NA,11904,9687510,9675606
13,D44_Sros_thickstack_A-13_ch1,14,NA,NA,24810,7524664,7499854
14,D44_Sros_thickstack_A-13_ch1,15,NA,NA,9511,7775720,7766209
15,D44_Sros_thickstack_A-13_ch1,16,NA,NA,39682,19019264,18979582
16,D44_Sros_thickstack_A-13_ch1,17,NA,NA,27164,8152706,8125542
17,D44_Sros_thickstack_A-13_ch1,18,NA,NA,40063,12876703,12836640
18,D44_Sros_thickstack_A-13_ch1,19,NA,NA,13155,5145299,5132144
19,D44_Sros_thickstack_A-13_ch1,20,NA,NA,28897,16273816,16244919
20,D44_Sros_thickstack_A-13_ch1,21,NA,NA,26651,5890484,5863833
