,id,cell,sp,cell_coord,cyto_mean_int,one_nuclDNA_int,one_nuclDNA_int_corr
0,D44_Sros_thickstack_A-13_ch1,1,NA,NA,30281,10394040,10363759
1,D44_Sros_thickstack_A-13_ch1,2,D44_KIN,"[146, 896]",26316,9319072,9292756
2,D44_Sros_thickstack_A-13_ch1,3,NA,NA,24113,9497655,9473542
3,D44_Sros_thickstack_A-13_ch1,4,NA,NA,37041,25407658,25370617
4,D44_Sros_thickstack_A-13_ch1,5,NA,NA,27634,10665843,10638209
5,D44_Sros_thickstack_A-13_ch1,6,D44_KIN,"[404, 978]",33939,18997450,18963511
6,D44_Sros_thickstack_A-13_ch1,7,NA,NA,14978,16605950,16590972
7,D44_Sros_thickstack_A-13_ch1,8,NA,NA,25161,12030452,12005291
8,D44_Sros_thickstack_A-13_ch1,9,NA,NA,11956,8511344,8499388
9,D44_Sros_thickstack_A-13_ch1,10,NA,NA,28472,8474075,8445603
10,D44_Sros_thickstack_A-13_ch1,11,NA,NA,24573,11148698,11124125
11,D44_Sros_thickstack_A-13_ch1,12,NA,NA,20968,10208353,10187385
12,D44_Sros_thickstack_A-13_ch1,13,NA,NA,11904,8685365,8673461
13,D44_Sros_thickstack_A-13_ch1,14,NA,NA,24810,9518751,9493941
14,D44_Sros_thickstack_A-13_ch1,15,NA,NA,9511,7742897,7733386
15,D44_Sros_thickstack_A-13_ch1,16,NA,NA,39682,24227863,24188181
16,D44_Sros_thickstack_A-13_ch1,17,NA,NA,27164,9952720,9925556
17,D44_Sros_thickstack_A-13_ch1,18,NA,NA,40063,18662210,18622147
18,D44_Sros_thickstack_A-13_ch1,19,NA,NA,13155,5520143,5506988
19,D44_Sros_thickstack_A-13_ch1,20,NA,NA,28897,11165474,11136577
20,D44_Sros_thickstack_A-13_ch1,21,NA,NA,26651,9528750,9502099
