,id,cell,sp,cell_coord,cyto_mean_int,one_kDNA_int,one_kDNA_int_corr
0,D44_Sros_thickstack_A-03_ch1,1,NA,NA,23168,16576246,16553078
1,D44_Sros_thickstack_A-03_ch1,2,NA,NA,37069,19028422,18991353
2,D44_Sros_thickstack_A-03_ch1,3,NA,NA,30225,10977555,10947330
3,D44_Sros_thickstack_A-03_ch1,4,NA,NA,12530,9200093,9187563
4,D44_Sros_thickstack_A-03_ch1,5,NA,NA,5516,5943132,5937616
5,D44_Sros_thickstack_A-03_ch1,6,NA,NA,7179,4252037,4244858
6,D44_Sros_thickstack_A-03_ch1,7,NA,NA,23708,8003263,7979555
7,D44_Sros_thickstack_A-03_ch1,8,D44_KIN,"[1596, 234]",25999,5481727,5455728
