,id,cell,sp,cell_coord,cyto_mean_int,one_kDNA_int,one_kDNA_int_corr
0,D44_Sros_thickstack_A-12_ch1,1,D44_KIN,"[32, 417]",29824,14696027,14666203
1,D44_Sros_thickstack_A-12_ch1,2,D44_KIN,"[377, 143]",23397,7200695,7177298
2,D44_Sros_thickstack_A-12_ch1,3,D44_KIN,"[444, 1009]",31856,23525927,23494071
3,D44_Sros_thickstack_A-12_ch1,4,NA,NA,26803,25690108,25663305
4,D44_Sros_thickstack_A-12_ch1,5,D44_KIN,"[792, 1359]",31994,12839354,12807360
5,D44_Sros_thickstack_A-12_ch1,6,D44_KIN,"[1012, 1522]",22772,7601005,7578233
6,D44_Sros_thickstack_A-12_ch1,7,NA,NA,25394,15239357,15213963
7,D44_Sros_thickstack_A-12_ch1,8,NA,NA,10515,15586530,15576015
8,D44_Sros_thickstack_A-12_ch1,9,NA,NA,11015,3786828,3775813
9,D44_Sros_thickstack_A-12_ch1,10,D44_KIN,"[1702, 490]",23108,6091952,6068844
10,D44_Sros_thickstack_A-12_ch1,11,D44_KIN,"[1906, 1182]",24088,5080075,5055987
11,D44_Sros_thickstack_A-12_ch1,12,D44_KIN,"[1919, 216]",22017,5799129,5777112
12,D44_Sros_thickstack_A-12_ch1,14,NA,NA,21659,8150382,8128723
