,id,cell,sp,cell_coord,cyto_mean_int,one_kDNA_int,one_kDNA_int_corr
0,D44_Sros_thickstack_A-15_ch1,1,NA,NA,8421,5629952,5621531
1,D44_Sros_thickstack_A-15_ch1,2,NA,NA,8755,7314900,7306145
2,D44_Sros_thickstack_A-15_ch1,3,NA,NA,8139,3176234,3168095
3,D44_Sros_thickstack_A-15_ch1,4,NA,NA,10775,7279217,7268442
4,D44_Sros_thickstack_A-15_ch1,5,NA,NA,20466,18660910,18640444
5,D44_Sros_thickstack_A-15_ch1,6,NA,NA,8089,10905924,10897835
6,D44_Sros_thickstack_A-15_ch1,7,NA,NA,6652,5868719,5862067
7,D44_Sros_thickstack_A-15_ch1,8,D44_KIN,"[665, 1315]",20290,14185963,14165673
8,D44_Sros_thickstack_A-15_ch1,9,NA,NA,21111,7173313,7152202
9,D44_Sros_thickstack_A-15_ch1,10,D44_KIN,"[117, 1058]",18838,6257744,6238906
