,id,cell,sp,cell_coord,nucl_sum_int,cyto_mean_int,nucl_sum_int_corr,one_kDNA_int,one_nuclDNA_int,one_kDNA_int_corr,one_nuclDNA_int_corr
0,D44_Sros_thickstack_A-11_ch1,1,NA,NA,13232330,20633,13211697,14089041,11457263,14068408,11436630
1,D44_Sros_thickstack_A-11_ch1,2,D44_KIN,"[484, 1282]",13817685,21738,13795947,7115845,9107937,7094107,9086199
2,D44_Sros_thickstack_A-11_ch1,3,D44_KIN,"[1103, 76]",26083709,30511,26053198,13520738,19421191,13490227,19390680
3,D44_Sros_thickstack_A-11_ch1,4,Sros,"[1600, 400]",9216642,13984,9202658,8298553,8217871,8284569,8203887
