,id,cell,sp,cell_coord,cyto_mean_int,one_nuclDNA_int,one_nuclDNA_int_corr
0,D44_Sros_thickstack_A-15_ch1,1,NA,NA,8421,8034294,8025873
1,D44_Sros_thickstack_A-15_ch1,2,NA,NA,8755,7945610,7936855
2,D44_Sros_thickstack_A-15_ch1,3,NA,NA,8139,3050607,3042468
3,D44_Sros_thickstack_A-15_ch1,4,NA,NA,10775,6924824,6914049
4,D44_Sros_thickstack_A-15_ch1,5,NA,NA,20466,17358352,17337886
5,D44_Sros_thickstack_A-15_ch1,6,NA,NA,8089,8650378,8642289
6,D44_Sros_thickstack_A-15_ch1,7,NA,NA,6652,5001410,4994758
7,D44_Sros_thickstack_A-15_ch1,8,D44_KIN,"[665, 1315]",20290,20651314,20631024
8,D44_Sros_thickstack_A-15_ch1,9,NA,NA,21111,10106582,10085471
9,D44_Sros_thickstack_A-15_ch1,10,D44_KIN,"[117, 1058]",18838,9681089,9662251
