,id,cell,sp,cell_coord,cyto_mean_int,one_nuclDNA_int,one_nuclDNA_int_corr
0,D44_Sros_thickstack_A-12_ch1,1,D44_KIN,"[32, 417]",29824,24005231,23975407
1,D44_Sros_thickstack_A-12_ch1,2,D44_KIN,"[377, 143]",23397,9921505,9898108
2,D44_Sros_thickstack_A-12_ch1,3,D44_KIN,"[444, 1009]",31856,18553849,18521993
3,D44_Sros_thickstack_A-12_ch1,4,NA,NA,26803,16592185,16565382
4,D44_Sros_thickstack_A-12_ch1,5,D44_KIN,"[792, 1359]",31994,24830038,24798044
5,D44_Sros_thickstack_A-12_ch1,6,D44_KIN,"[1012, 1522]",22772,10619080,10596308
6,D44_Sros_thickstack_A-12_ch1,7,NA,NA,25394,21014594,20989200
7,D44_Sros_thickstack_A-12_ch1,8,NA,NA,10515,10540663,10530148
8,D44_Sros_thickstack_A-12_ch1,9,NA,NA,11015,3566168,3555153
9,D44_Sros_thickstack_A-12_ch1,10,D44_KIN,"[1702, 490]",23108,12090887,12067779
10,D44_Sros_thickstack_A-12_ch1,11,D44_KIN,"[1906, 1182]",24088,12017086,11992998
11,D44_Sros_thickstack_A-12_ch1,12,D44_KIN,"[1919, 216]",22017,12017411,11995394
12,D44_Sros_thickstack_A-12_ch1,14,NA,NA,21659,10355552,10333893
