,id,cell,sp,cell_coord,cyto_mean_int,one_nuclDNA_int,one_nuclDNA_int_corr
0,D44_Sros_thickstack_A-03_ch1,1,NA,NA,23168,9140094,9116926
1,D44_Sros_thickstack_A-03_ch1,2,NA,NA,37069,16306930,16269861
2,D44_Sros_thickstack_A-03_ch1,3,NA,NA,30225,16899846,16869621
3,D44_Sros_thickstack_A-03_ch1,4,NA,NA,12530,0,18446744073709539086
4,D44_Sros_thickstack_A-03_ch1,5,NA,NA,5516,2822714,2817198
5,D44_Sros_thickstack_A-03_ch1,6,NA,NA,7179,1887425,1880246
6,D44_Sros_thickstack_A-03_ch1,7,NA,NA,23708,7689733,7666025
7,D44_Sros_thickstack_A-03_ch1,8,D44_KIN,"[1596, 234]",25999,7135010,7109011
