,id,cell,sp,cell_coord,cyto_mean_int,one_nuclDNA_int,one_nuclDNA_int_corr
0,D44_Sros_thickstack_A-09_ch1,1,NA,NA,10147,5655451,5645304
1,D44_Sros_thickstack_A-09_ch1,2,NA,NA,8996,4910312,4901316
2,D44_Sros_thickstack_A-09_ch1,3,NA,NA,7950,3765928,3757978
3,D44_Sros_thickstack_A-09_ch1,4,D44_KIN,"[1973, 368]",29830,8952874,8923044
4,D44_Sros_thickstack_A-09_ch1,5,D44_KIN,"[1632, 750]",23030,11686392,11663362
5,D44_Sros_thickstack_A-09_ch1,6,NA,NA,24722,9545955,9521233
6,D44_Sros_thickstack_A-09_ch1,7,D44_KIN,"[1555, 1217]",34912,21262616,21227704
7,D44_Sros_thickstack_A-09_ch1,8,D44_KIN,"[1394, 826]",25913,9973670,9947757
8,D44_Sros_thickstack_A-09_ch1,9,NA,NA,8978,2183478,2174500
9,D44_Sros_thickstack_A-09_ch1,10,D44_KIN,"[628, 1395]",35911,23081183,23045272
10,D44_Sros_thickstack_A-09_ch1,11,D44_KIN,"[386, 1940]",25070,15716460,15691390
11,D44_Sros_thickstack_A-09_ch1,12,D44_KIN,"[428, 1575]",27025,11137743,11110718
12,D44_Sros_thickstack_A-09_ch1,13,D44_KIN,"[394, 1618]",31200,34867814,34836614
