,id,cell,sp,cell_coord,nucl_sum_int,cyto_mean_int,nucl_sum_int_corr,one_kDNA_int,one_nuclDNA_int,one_kDNA_int_corr,one_nuclDNA_int_corr
0,D44_Sros_thickstack_A-06_ch1,1,NA,NA,12578403,23744,12554659,23121109,11165722,23097365,11141978
1,D44_Sros_thickstack_A-06_ch1,2,Yeast,"[652, 1095]",2665069,6655,2658414,1400240,1670425,1393585,1663770
2,D44_Sros_thickstack_A-06_ch1,3,Capsa,"[994, 853]",4893134,8380,4884754,6417050,508186,6408670,499806
3,D44_Sros_thickstack_A-06_ch1,4,NA,NA,15252570,18109,15234461,11200569,11089869,11182460,11071760
4,D44_Sros_thickstack_A-06_ch1,5,NA,NA,28650741,21745,28628996,35694462,24625791,35672717,24604046
5,D44_Sros_thickstack_A-06_ch1,6,Capsa,"[1924, 423]",4708325,6043,4702282,5024834,3848509,5018791,3842466
6,D44_Sros_thickstack_A-06_ch1,7,Yeast,"[626, 1110]",1251415,5259,1246156,205977,698623,200718,693364
