,id,cell,sp,cell_coord,cyto_mean_int,one_kDNA_int,one_kDNA_int_corr
0,D44_Sros_thickstack_A-08_ch1,1,NA,NA,26871,17355274,17328403
1,D44_Sros_thickstack_A-08_ch1,2,NA,NA,21573,9869100,9847527
2,D44_Sros_thickstack_A-08_ch1,3,D44_KIN,"[634, 1577]",24546,7142908,7118362
3,D44_Sros_thickstack_A-08_ch1,4,D44_KIN,"[959, 1390]",23164,7845699,7822535
4,D44_Sros_thickstack_A-08_ch1,5,NA,NA,6785,1500684,1493899
5,D44_Sros_thickstack_A-08_ch1,6,NA,NA,25068,21422904,21397836
6,D44_Sros_thickstack_A-08_ch1,7,D44_KIN,"[1514, 1417]",32995,12354517,12321522
7,D44_Sros_thickstack_A-08_ch1,8,NA,NA,26455,18467779,18441324
