,id,cell,sp,cell_coord,nucl_sum_int,cyto_mean_int,nucl_sum_int_corr,one_kDNA_int,one_nuclDNA_int,one_kDNA_int_corr,one_nuclDNA_int_corr
0,D44_Sros_thickstack_A-05_ch1,1,Capsa,"[278, 560]",5875225,8494,5866731,11383190,5339821,11374696,5331327
1,D44_Sros_thickstack_A-05_ch1,2,NA,NA,18010323,29523,17980800,13338459,14548509,13308936,14518986
2,D44_Sros_thickstack_A-05_ch1,3,NA,NA,26715854,42079,26673775,40513491,21046343,40471412,21004264
3,D44_Sros_thickstack_A-05_ch1,4,NA,NA,13269644,23098,13246546,7049084,10120616,7025986,10097518
4,D44_Sros_thickstack_A-05_ch1,5,NA,NA,12527892,19448,12508444,7448876,10254795,7429428,10235347
