,id,cell,sp,cell_coord,nucl_sum_int,cyto_mean_int,nucl_sum_int_corr,one_kDNA_int,one_nuclDNA_int,one_kDNA_int_corr,one_nuclDNA_int_corr
0,D44_Sros_thickstack_A-27_ch1,1,Capsa,"[430, 1500]",3785895,6622,3779273,3654025,2992221,3647403,2985599
1,D44_Sros_thickstack_A-27_ch1,2,D44_KIN,"[432, 1134]",18608407,36268,18572139,9492963,16797600,9456695,16761332
2,D44_Sros_thickstack_A-27_ch1,3,NA,NA,63221387,40859,63180528,46468628,86466741,46427769,86425882
3,D44_Sros_thickstack_A-27_ch1,4,NA,NA,8077640,11851,8065789,7908252,6691553,7896401,6679702
4,D44_Sros_thickstack_A-27_ch1,5,NA,NA,20292645,32814,20259831,13013238,12336858,12980424,12304044
5,D44_Sros_thickstack_A-27_ch1,6,NA,NA,86642,1979,84663,47045,19911,45066,17932
