,id,cell,sp,cell_coord,cyto_mean_int,one_nuclDNA_int,one_nuclDNA_int_corr
0,D44_Sros_thickstack_A-26_ch1,1,NA,NA,6054,2578731,2572677
1,D44_Sros_thickstack_A-26_ch1,2,D44_KIN,"[1591, 1394]",26558,13060798,13034240
2,D44_Sros_thickstack_A-26_ch1,3,NA,NA,9055,6026055,6017000
3,D44_Sros_thickstack_A-26_ch1,4,NA,NA,7633,5293051,5285418
4,D44_Sros_thickstack_A-26_ch1,5,NA,NA,28257,15202813,15174556
5,D44_Sros_thickstack_A-26_ch1,6,D44_KIN,"[1767, 767]",23078,9271975,9248897
6,D44_Sros_thickstack_A-26_ch1,7,NA,NA,6340,1143324,1136984
7,D44_Sros_thickstack_A-26_ch1,8,NA,NA,5500,1627544,1622044
