,id,cell,sp,cell_coord,cyto_mean_int,one_nuclDNA_int,one_nuclDNA_int_corr
0,D44_Sros_thickstack_A-08_ch1,1,NA,NA,26871,10440538,10413667
1,D44_Sros_thickstack_A-08_ch1,2,NA,NA,21573,8539710,8518137
2,D44_Sros_thickstack_A-08_ch1,3,D44_KIN,"[634, 1577]",24546,8478732,8454186
3,D44_Sros_thickstack_A-08_ch1,4,D44_KIN,"[959, 1390]",23164,9450258,9427094
4,D44_Sros_thickstack_A-08_ch1,5,NA,NA,6785,1234874,1228089
5,D44_Sros_thickstack_A-08_ch1,6,NA,NA,25068,11529180,11504112
6,D44_Sros_thickstack_A-08_ch1,7,D44_KIN,"[1514, 1417]",32995,18035977,18002982
7,D44_Sros_thickstack_A-08_ch1,8,NA,NA,26455,11290017,11263562
