,id,cell,sp,cell_coord,cyto_mean_int,one_kDNA_int,one_kDNA_int_corr
0,D44_Sros_thickstack_A-26_ch1,1,NA,NA,6054,3169140,3163086
1,D44_Sros_thickstack_A-26_ch1,2,D44_KIN,"[1591, 1394]",26558,5513532,5486974
2,D44_Sros_thickstack_A-26_ch1,3,NA,NA,9055,6820089,6811034
3,D44_Sros_thickstack_A-26_ch1,4,NA,NA,7633,5949132,5941499
4,D44_Sros_thickstack_A-26_ch1,5,NA,NA,28257,20236264,20208007
5,D44_Sros_thickstack_A-26_ch1,6,D44_KIN,"[1767, 767]",23078,8725258,8702180
6,D44_Sros_thickstack_A-26_ch1,7,NA,NA,6340,2041332,2034992
7,D44_Sros_thickstack_A-26_ch1,8,NA,NA,5500,1705072,1699572
