,id,cell,sp,cell_coord,cyto_mean_int,one_kDNA_int,one_kDNA_int_corr
0,D44_Sros_thickstack_A-09_ch1,1,NA,NA,10147,6270459,6260312
1,D44_Sros_thickstack_A-09_ch1,2,NA,NA,8996,4750295,4741299
2,D44_Sros_thickstack_A-09_ch1,3,NA,NA,7950,4183799,4175849
3,D44_Sros_thickstack_A-09_ch1,4,D44_KIN,"[1973, 368]",29830,7748668,7718838
4,D44_Sros_thickstack_A-09_ch1,5,D44_KIN,"[1632, 750]",23030,8235663,8212633
5,D44_Sros_thickstack_A-09_ch1,6,NA,NA,24722,8586120,8561398
6,D44_Sros_thickstack_A-09_ch1,7,D44_KIN,"[1555, 1217]",34912,12143739,12108827
7,D44_Sros_thickstack_A-09_ch1,8,D44_KIN,"[1394, 826]",25913,11142433,11116520
8,D44_Sros_thickstack_A-09_ch1,9,NA,NA,8978,6105396,6096418
9,D44_Sros_thickstack_A-09_ch1,10,D44_KIN,"[628, 1395]",35911,14820565,14784654
10,D44_Sros_thickstack_A-09_ch1,11,D44_KIN,"[386, 1940]",25070,9068619,9043549
11,D44_Sros_thickstack_A-09_ch1,12,D44_KIN,"[428, 1575]",27025,5046567,5019542
12,D44_Sros_thickstack_A-09_ch1,13,D44_KIN,"[394, 1618]",31200,28813843,28782643
